title,label,subject,time
輝瑞向日申請批准COVID-19口服藥 最快10日獲准,Real,國際,2022/2/9 23:39
郵輪疑違規辦跨年派對爆疫情 巴西衛生當局要查,Real,國際,2022/1/3 11:17
Covid-19將感冒化 詹啟賢自曝只打兩劑疫苗,Real,生活,2022/7/26 18:50
訪團有人確診 布林肯東南亞行程喊卡將返華府,Real,國際,2021/12/15 22:31
輝瑞抗COVID-19口服藥 歐盟有條件開綠燈,Real,國際,2022/1/28 15:38
Omicron亞變種進入廣東 傳播力更強,Real,兩岸,2022/5/17 16:16
疫情多地延燒 本土＋34 境外＋93,Real,生活,2022/3/28 16:11
德財長訪美確診COVID-19 症狀輕微,Real,國際,2022/4/21 13:15
默沙東抗疫口服藥 日本擬2021年內引進特例核准,Real,國際,2021/10/4 12:12
聯合國秘書長：富國霸占疫苗 損人不利己,Real,國際,2021/10/8 21:08
北韓官媒：疫情趨緩 單日發燒數首降至20萬以下,Real,國際,2022/5/22 12:08
境外移入＋19例 選手累積13例,Real,生活,2021/12/28 14:44
佳節將至 黃偉哲前往陸軍南測中心勞軍,Real,寶島,2022/9/7 12:03
新冠口服藥將問世 專家警告：不能代替疫苗,Real,國際,2021/11/9 11:36
竹縣＋1326 婦幼館周六開設接種專案,Real,生活,2022/10/7 13:52
境外移入＋3例 確診個案中無新增死亡,Real,財經,2021/11/8 15:59
3／1起調整全國住宿式長照機構訪客管理措施,Real,生活,2022/2/24 15:24
調查：印尼爪哇峇里島99%民眾已有COVID-19抗體,Real,國際,2022/4/19 05:12
益安小金雞益興 收購矽谷知名CDMO,Real,財經,2022/4/11 17:32
用藥標準不明確 韓國COVID-19口服藥使用率低,Real,國際,2022/1/21 21:12
Delta蔓延出奧克蘭 紐西蘭祭更嚴格旅遊疫苗規範,Real,國際,2021/10/3 14:13
Omicron爆26種獨特突變 免疫細胞恐難辨識,Real,國際,2021/12/1 07:05
歐洲疫情攀升 封殺不打疫苗者成防疫重點,Real,國際,2021/11/19 18:12
男冷血殺19童「美國病了」 外媒曝2驚人數字,Real,國際,2022/5/25 18:19
輝瑞5歲以下兒童COVID-19疫苗 已向美遞批准申請,Real,國際,2022/6/2 23:42
歐盟建議改旅行規定 從考量國家風險轉為注意個人,Real,國際,2022/1/26 14:21
佛奇：冬天恐有COVID-19新變異株 可能更易傳播,Real,國際,2022/10/8 20:50
WHO警告 還不能將新冠病毒視為地方性流行病,Real,國際,2022/1/12 04:07
日男職場被傳染COVID-19 後遺症也認定屬勞災,Real,國際,2021/11/4 09:26
從「最成功領袖」到狼狽滾蛋 強生政治歷程一次看,Real,國際,2022/7/7 19:38
美CDC：18歲以下未打疫苗外籍人士 抵美毋須隔離,Real,國際,2021/10/31 06:09
還能開放嗎？ 日實驗團客入境僅3天確診新冠 ,Real,國際,2022/5/31 09:48
染疫死亡數再創新高 俄羅斯擬停止上班一週,Real,國際,2021/10/19 22:46
越南確診數暴增 首次單日破10萬人染疫,Real,國際,2022/3/2 23:29
奧地利總理打3劑COVID-19疫苗 仍突破性感染,Real,國際,2022/1/8 18:00
春節後首梯！21期公費疫苗追加劑 明起分流預約,Real,生活,2022/1/25 14:13
美國防部長奧斯汀二度確診COVID-19 症狀輕微,Real,國際,2022/8/16 03:26
香港疫情嚴峻 次世代定序NGS助監測病毒 切斷傳播鏈,Real,健康,2022/3/12 04:08
號稱非洲COVID疫苗生產先鋒 南非工廠沒訂單恐關閉,Real,國際,2022/5/2 23:56
新冠疫苗已供過於求 取得管道依舊不公,Real,國際,2022/4/10 12:47
土耳其公衛專家：COVID-19終將只是流感,Real,國際,2021/10/12 09:09
對抗Omicron 加拿大擴大紓困計畫警告疫情恐惡化,Real,國際,2021/12/23 21:05
NBA》聯盟喊停5場例行賽 9支球隊受影響,Real,體育,2021/12/20 07:20
巴西總統堅決不打疫苗 可能被禁足聯合國大會,Real,國際,2021/9/16 10:07
染Omicron恐引發腦霧失憶 前台大醫：未知數很多,Real,生活,2022/1/26 15:06
疫苗預約平台開放查詢資格 15日10點開放預約,Real,生活,2022/1/14 14:40
AI偵測COVID-19病徵 成大蔣榮先團隊獲選全球前10名頂尖,Real,生活,2022/1/13 13:36
中醫治療COVID-19 接受度提高,Real,產業特刊,2022/7/3 04:10
日本5旬夫婦欲接種流感 誤被施打COVID-19疫苗,Real,國際,2021/10/11 17:40
正與台灣洽談互設代表處 斯洛維尼亞總理楊薩確診COVID-19,Real,國際,2022/2/10 06:00
義大利新增逾22萬例 較昨日倍增,Real,國際,2022/1/12 05:59
境外移入＋3例 無新增死亡,Real,生活,2021/11/22 15:36
紐約COVID-19達高警戒 暫未恢復口罩令,Real,國際,2022/5/18 10:27
紐西蘭全面開放邊境 盼刺激教育及觀光,Real,國際,2022/8/1 15:36
英銀意外開升息第一槍 憂通膨暴衝勝過疫情升溫,Real,國際,2021/12/16 23:51
台南5歲以下第1劑41.9％ 拚提高孩童疫苗覆蓋率,Real,生活,2022/9/22 19:09
真有無敵星星？專家揭新冠重複感染症狀 5大QA一次看,Real,國際,2022/6/14 09:05
白宮：5歲以下COVID疫苗若獲准 最快6/21開打,Real,國際,2022/6/3 13:25
佛系防疫鑄大錯 英議員：疫情爆發之初太慢封城,Real,國際,2021/10/12 12:19
研究：母嬰傳染COVID-19非常罕見,Real,國際,2022/3/17 13:30
正妹OL一理由「把身子給上司」 大白天直奔賓館床戰,Real,國際,2022/8/13 22:20
越南搶國際旅客 提議免除COVID-19保險要求,Real,國際,2022/6/10 20:21
英國將向5到11歲提供新冠疫苗 有助預防重症,Real,國際,2022/2/17 10:16
換腎女染疫重症 葉克膜＋智慧醫療救回,Real,健康,2022/10/5 12:19
金門獲配逾萬劑莫德納疫苗 縣府籲盡快接種第3劑,Real,生活,2022/2/12 09:58
港研究：益生菌可提升COVID-19疫苗成效,Real,財經,2021/12/2 13:48
路透：東歐COVID-19病歿人數突破100萬,Real,國際,2021/12/31 18:14
澳洲批准成人COVID-19追加劑 預計11月全民施打,Real,國際,2021/10/27 18:48
夏威夷豪宅市場噴出,Real,專題周報,2022/1/9 04:10
採購70萬人份口服藥Paxlovid 第二季將到貨35萬份,Real,生活,2022/4/11 15:31
沖繩增1759例COVID-19連3天創新高 東京增1224例,Real,國際,2022/1/8 18:09
法總理染疫 比利時總理4部長急隔離,Real,國際,2021/11/23 10:32
美COVID不治將破百萬人 國家大教堂敲鐘千次致哀,Real,國際,2022/5/10 11:41
美股2021封關收黑 標普500全年漲27％,Real,財經,2022/1/1 09:19
染疫長期症狀 將訂診斷碼追蹤,Real,生活新聞,2021/10/15 04:10
接種過3劑！美國前總統歐巴馬新冠確診 症狀輕微僅喉嚨發癢,Real,國際,2022/3/14 04:30
兒科急診忙翻！「COVID 反彈」 醫憂病毒在流竄,Real,時事,2022/10/7 09:30
法國注射至少1劑新冠疫苗人數突破5000萬,Real,國際,2021/9/18 03:45
郵輪上爆發新冠疫情 巴西暫停有關業務,Real,國際,2022/1/4 08:41
Omicron感染引發腦霧？羅一鈞、林氏璧都「打臉」,Real,生活,2022/1/27 15:03
3成患者難康復 研究曝全美死於「長新冠」驚人數字,Real,國際,2022/6/4 20:44
索羅門疫情延燒求救 澳洲派出醫療小組,Real,國際,2022/1/29 22:13
川普施打並推廣COVID-19疫苗追加劑 白宮表達感激,Real,國際,2021/12/24 04:34
莫德納宣布3大倡議 免除貧國COVID-19疫苗專利,Real,國際,2022/3/8 17:34
品觀點｜宗教協會群聚增2例 染疫康復門診上線,Real,生活,2022/2/23 17:08
新冠長期後遺症多 3症狀需就醫 6種人更該注意,Real,健康,2022/5/16 07:42
保護瀕危物種 加州水族館為海獺打COVID疫苗,Real,財經,2021/11/7 15:50
美國5歲以下孩童 下周就可打疫苗,Real,生活新聞,2022/6/17 04:10
金門＋86 連3天確診未破百例,Real,生活,2022/8/16 16:27
拜登：美國疫情已結束 沒人戴口罩了,Real,國際,2022/9/19 11:34
好命貂民 芬蘭創歐洲先例要替「貂」打COVID-19疫苗,Real,國際,2021/10/1 20:37
疫情嚴峻 長者及易產生嚴重併發症族群盡速完成基礎劑接種,Real,生活,2022/1/6 15:35
4成染疫者苦於新冠長期後遺症 必知！復健醫師幫大忙,Real,健康,2022/3/21 05:18
羅氏與韓藥廠COVID-19療法 歐盟藥管局建議批准,Real,國際,2021/11/12 15:38
印度兒童感染蕃茄流感 國際期刊：已成地方疾病,Real,國際,2022/8/21 19:25
富邦金董事長蔡明興確診 羅一鈞曝Ct值：剛染疫,Real,生活,2021/10/20 17:15
高雄市BA.5再添2兒童 為家庭群聚感染,Real,生活,2022/7/27 17:15
COVID新增病例下滑 WHO警告疫情還未結束,Real,國際,2022/5/23 15:30
《生醫股》浩鼎握現17億元 COVID-19疫苗2月個內揭曉動物試驗數字,Real,財經,2021/11/11 16:14
日跟進G7下月鬆綁邊境 8成國家入境「免隔離」!,Real,國際,2022/5/21 11:26
印度今年手機產值 挑戰逾50億美元,Real,產業．科技,2022/1/21 04:10
SJ神童打完3劑疫苗 染疫康復「2次中鏢」海外行程全喊卡,Real,娛樂,2022/3/27 08:47
菲國校園關閉600天 大學師生接種疫苗可到校上課,Real,國際,2021/11/5 22:25
IMF首席經濟學家：中國應鬆綁COVID-19清零政策,Real,國際,2022/1/26 16:39
Omicron肆虐孩童染疫數大增 卡達3周大嬰兒病逝,Real,國際,2022/1/17 10:27
北韓：COVID疫情已控制 新發燒例連3天少於20萬,Real,國際,2022/5/24 09:49
南非總統染疫 自主隔離1週後返回工作崗位,Real,國際,2021/12/20 20:08
紐西蘭Omicron疫情升級 總理婚禮延後,Real,國際,2022/1/23 10:43
莫德納擴大亞洲業務 宣布將設台灣辦公室,Real,國際,2022/2/16 12:26
境外移入＋8例 無新增死亡,Real,生活,2021/11/29 14:51
開卷書摘》數位疫苗證明有哪些用途？從本周最夯新聞學多益英文,Real,生活,2021/12/28 08:39
世衛：Omicron發現迄今 50萬人染疫病歿,Real,國際,2022/2/9 10:03
國內旅行施打疫苗強制令 傳加拿大將宣布取消,Real,國際,2022/6/14 19:09
見過拜登不久後確診 美中情局長染疫出現症狀,Real,國際,2022/4/1 05:52
F-16V採購慘遭砍半 專家指出這國2大問題,Real,軍事,2022/6/30 20:15
疫情趨緩 巴西結束COVID-19衛生緊急情況,Real,國際,2022/4/19 11:00
COVID-19疫苗快斬精蟲心驚驚？ 美國新研究揭曉,Real,國際,2022/1/22 19:57
日本特例批准輝瑞COVID-19口服藥 最快14日用藥,Real,國際,2022/2/10 23:30
無法提高存活率 世衛建議勿用血漿治療新冠肺炎,Real,國際,2021/12/7 10:13
美疫情病故破70萬 拜登：儘快接種疫苗,Real,國際,2021/10/3 09:14
Omicron來勢洶洶 英國提升防疫等級至次高,Real,國際,2021/12/13 04:12
NBA》公開拒打！巫師畢爾嘲笑疫苗無用,Real,體育,2021/9/28 08:15
品觀點｜8縣列高風險縣市 累計全台9萬人居隔,Real,生活,2022/4/26 18:00
12歲以下不能打疫苗 先進國家如何防堵開學染疫潮？,Real,財經,2021/9/18 09:00
河野太郎確診COVID-19 曾出席安倍守靈儀式,Real,國際,2022/7/13 15:08
義大利新增逾21.9萬例新冠確診 創紀錄新高,Real,國際,2022/1/7 03:33
《經濟》星展10卦卜台灣 GDP上看3％、房市軟著陸,Real,財經,2022/1/4 15:06
日核准新冠藥物Sotrovimab 用於治療輕症,Real,國際,2021/9/28 09:29
美海軍1近岸作戰艦25％人員確診 部署任務中止,Real,國際,2021/12/28 15:54
美CDC籲孕婦打新冠疫苗 防重症死亡風險,Real,國際,2021/9/30 09:14
新增4例COVID-19境外移入確定病例,Real,生活,2021/11/13 15:11
《生醫股》國光COVID-19疫苗印尼臨床 明年1月開打第一針,Real,財經,2021/12/20 13:41
愛滋、肺結核及瘧疾防治因新冠受阻 需龐大資金,Real,國際,2022/2/23 15:11
美防疫專家：夏季前有望找出下階段用疫苗追加劑,Real,國際,2022/4/30 04:27
世衛：Omicron未必較Covid－19其他病毒株溫和,Real,國際,2021/12/21 04:45
日本和歌山：COVID-19無症狀患者1／4稍後出現肺炎,Real,國際,2021/10/29 23:33
研究：染疫增加嚴重血栓風險 疫苗有助預防,Real,國際,2022/4/7 13:08
瑞信董事長違COVID-19隔離規定 宣布辭職,Real,國際,2022/1/17 15:31
這區域陷入美中碰撞 專家警告：面臨生存危機,Real,國際,2022/5/27 18:39
第6波疫情來勢洶洶 日本擬大規模施打追加劑,Real,國際,2022/1/11 08:44
華電網一名員工確診 華電網：相關同仁已進行快篩,Real,財經,2022/4/6 20:56
加拿大將祭強制令 公僕、軍警與旅客都得打疫苗,Real,國際,2021/10/7 13:36
疫情收斂中 本土＋4 境外＋45,Real,生活,2022/2/21 15:08
今日新增1例死亡 本土＋5 境外＋40,Real,生活,2022/2/15 14:58
疫情再炸彰化新增４確診 與台中婚宴關係鏈有關,Real,生活,2022/4/1 14:42
COVID-19仍可能變異 日本暫不調降傳染病分級,Real,國際,2022/4/23 13:16
高端也在做 COVID貼片疫苗澳洲實驗前景可期,Real,國際,2021/10/30 18:00
境外移入＋14例,Real,生活,2021/12/29 14:41
不只白宮發言人莎琪 美前國務卿希拉蕊也確診COVID-19,Real,國際,2022/3/23 09:05
時論廣場》Omicron全球經濟攔路虎 春天何時來（丁學文）,Real,時論廣場,2022/1/19 19:48
美軍士兵「頭號殺手」 將軍：驕傲自負,Real,軍事,2022/5/19 23:16
因果螺旋模式 試想COVID-19防疫之道,Real,產業特刊,2022/7/9 04:10
東京新增確診4836例 近2個月來首度降至5千例以下,Real,國際,2022/3/14 20:42
就是不會感染新冠病毒？ 醫曝英國研究驚呼：這些人真實存在,Real,生活,2022/3/19 23:53
英女王確診後首次會面行程 會見加拿大總理,Real,國際,2022/3/7 23:06
菲律賓前總統羅慕斯因COVID-19病逝 享耆壽94歲,Real,國際,2022/7/31 20:22
Omicron席捲歐洲 多國COVID-19新增確診創新高,Real,國際,2021/12/29 04:31
打高端想出國怎麼辦？指揮中心推新方案,Real,生活,2021/11/12 14:30
世衛：中國清零政策無法持續 應改變政策,Real,國際,2022/5/11 12:27
WHO警告 Omicron擴散恐導致更危險變異株出現,Real,國際,2022/1/5 10:07
別自己嚇自己！何美鄉曝感染Omicron罹患長新冠比例,Real,生活,2022/6/3 16:37
新冠肺炎災難恐重演 專家憂：這關鍵危機被忽視,Real,國際,2022/8/10 18:55
增7例境外移入確診 無死亡個案,Real,生活,2021/10/23 14:32
輝瑞疫苗與口服藥搶手 2022年營收估破500億美元,Real,國際,2022/2/9 13:57
4／22前兩大類人得打第三劑 健身房運動也入列,Real,財經,2022/4/15 19:24
世衛：默沙東口服藥適用輕症但住院風險高病患,Real,國際,2022/3/3 12:55
日本嚴防COVID-19 皇居賀年2022續停辦,Real,國際,2021/12/2 11:48
今日本土確診＋7 境外＋73,Real,生活,2022/2/24 14:54
今日新增本土11例 境外移入49例,Real,財經,2022/2/12 14:29
《產業》莫德納擬來台設點 強化亞太地區發展,Real,財經,2022/2/16 11:25
研究：抗憂鬱藥可降低新冠住院風險,Real,國際,2021/10/28 17:57
北市宣布：明起國小校園暫停開放 國高中有條件開放戶外場地,Real,生活,2022/1/28 19:55
COVID-19下睽違兩年終解禁 國際遊輪駛入雪梨港,Real,國際,2022/4/18 15:34
賀錦麗將恢復上班 確診一周後再檢呈陰性,Real,國際,2022/5/3 08:56
拜疫苗銷售強勁之賜 輝瑞2021年獲利倍增,Real,國際,2022/2/8 23:47
新加坡擴大接種第4劑對象 短期旅客可自費打疫苗,Real,國際,2022/4/22 23:28
美政界晚宴快樂群聚 多名高官確診新冠,Real,國際,2022/4/7 08:13
裴洛西讓台美走向世界大戰？ 專家憂：殘酷鬥爭將展開,Real,軍事,2022/8/4 18:21
境外移入＋12例 無新增死亡,Real,財經,2021/11/26 14:31
魔王Omicron踢到鐵板! 專家預測夏天「它」將強勢回歸,Real,國際,2022/5/7 18:03
羅馬萬人上街抗議健康通行證 警動用水柱催淚彈,Real,國際,2021/10/10 05:48
美研究：COVID-19染疫者腦損風險上升,Real,國際,2022/9/23 22:42
北韓新增6人發燒亡 部署萬人協助追蹤潛在患者,Real,國際,2022/5/17 10:47
丹麥批准高危族群 服用默沙東COVID-19口服藥,Real,國際,2021/12/16 22:57
24期第三劑疫苗23日開放 3類人預約時間曝,Real,生活,2022/2/22 15:17
今日疫情更新！ 本土個案＋26 境外移入＋22,Real,生活,2022/2/8 14:45
義大利增156人病故 單日確診逾12.6萬例再破紀錄,Real,國際,2021/12/31 07:20
NBA》拯救球季 聯盟縮短防疫隔離至6天,Real,體育,2021/12/28 07:16
全球篩檢量暴跌 COVID傳染與突變模式恐難掌握,Real,國際,2022/4/27 10:58
美媒：NBA下個賽季不會強制要求球員接種疫苗,Real,體育,2022/7/27 13:50
葡萄牙總理確診COVID-19 幾天前才剛勝選,Real,國際,2022/2/2 05:42
全球COVID-19確診數一週激增近1／5 連續10週成長,Real,國際,2021/12/25 23:13
接種第3劑COVID-19疫苗 勞工可請「疫苗接種假」,Real,財經,2022/2/8 16:50
南北疫情升溫 本土＋37 境外＋46,Real,生活,2022/2/10 14:52
最新數據：新冠病毒後遺症 心臟衰竭風險大增72％,Real,健康,2022/2/17 07:43
紐約市長下令 所有民營企業僱主強制員工接種疫苗,Real,國際,2021/12/7 03:14
NBA再宣布2場比賽延期 球隊因COVID-19湊不足8人,Real,體育,2021/12/23 06:38
Gogoro 智慧電動機車十月銷售與掛牌雙創今年新高 PBGN 電動機車加總掛牌高達 9501 輛,Real,生活,2021/11/1 17:30
喬柯維奇事件激怒澳洲人 澳政府大失顏面,Real,體育,2022/1/11 09:31
美因上海封城撤出部分總領館人員 日本不跟進,Real,國際,2022/4/13 13:20
紐約白尾鹿感染Omicron 恐成新變異株宿主,Real,國際,2022/2/9 11:30
頭條揭密》刺胳針：警惕「長新冠」後遺症 女性罹患率高3成,Real,政治,2022/4/29 03:46
澳洲報告：未接種疫苗者 重症病故風險高出16倍,Real,國際,2021/11/9 18:06
北市去年1至11月新冠確診5085人 男性2495 人、女性2590人,Real,寶島,2022/1/19 11:32
COVID-19疫情未歇 世衛：鼻噴疫苗盼成抗疫利器,Real,國際,2022/9/8 14:24
兆豐保險獲首輪核准銷售移工Covid-19住院醫療險 保障最高50萬,Real,財經,2021/12/1 12:49
NBA》黃蜂疑4球員確診 「球弟」共3位先發遭隔離,Real,體育,2021/12/5 07:30
拒絕強制接種疫苗 墨爾本勞工發動暴力示威,Real,國際,2021/9/21 21:35
防疫鎖國18個月 泰國觀光業重啟遊客湧現,Real,國際,2021/11/1 16:54
Omicron症狀各國不同？近8成沖繩患者爆1症狀,Real,國際,2022/1/17 14:00
台灣防疫亂象多 蘇煥智：防疫思維沒從人民角度思考,Real,政治,2022/4/28 14:11
NBA》公牛第10人遭隔離！聯盟喊停兩場比賽,Real,體育,2021/12/14 07:07
東加王國傳首例確診 主島如臨大敵封城一周,Real,國際,2021/11/2 16:04
Covid版世說新語！盤點20大最受網友爭議的新名詞,Real,生活,2022/5/26 10:09
加拿大累計15例Omicron確診 重症病例增幅恐攀升,Real,國際,2021/12/4 11:26
英單日逾18萬人確診 再創新高紀錄,Real,國際,2021/12/30 09:46
青花菜的營養成份可抑制COVID-19與感冒病毒增長,Real,國際,2022/3/29 22:32
3例境外改判本土 本土＋2 境外＋47,Real,生活,2022/2/7 14:30
今本土、死亡＋0 境外移入＋5,Real,生活,2021/11/10 14:21
馬來西亞縮短入境隔離期 已打追加劑只需隔離5天,Real,國際,2022/1/20 20:49
確診數暴增消耗資源 韓國發展居家治療體系,Real,國際,2022/1/25 20:22
春節返台檢疫 指揮中心說明簡易3步驟,Real,生活,2021/12/9 14:46
布林肯召開COVID-19部長會議 是否邀台灣受矚目,Real,國際,2021/11/10 06:06
為Omicron調整疫苗？ 歐盟當局：還需更多證據,Real,國際,2021/12/21 23:56
球王喬帥假造確診報告？外媒揭重大疑點,Real,體育,2022/1/29 07:54
快篩前爆1症狀恐已染Omicron 專家警告：病情全身惡化,Real,國際,2022/1/24 13:10
香港著名抗疫專家袁國勇染疫 笑稱：3年來總算可放假,Real,兩岸,2022/9/8 11:07
嘉玲掰掰！新冠本土+7 境外+75,Real,生活,2022/3/11 15:16
落地旅客驗出確診 香港禁大韓航空班機入境2週,Real,國際,2021/12/27 12:05
《生醫股》逸達治新冠ARDS二／三期臨床 二次通過IDMC審查,Real,財經,2021/11/24 10:34
三劑令影響 柏文4月營收年減9.17％,Real,財經,2022/5/10 08:55
知名學校打疫苗沒換針筒狂扎30人 他冤喊：聽命行事,Real,國際,2022/7/29 17:37
赴柬埔寨出席東協會議後 新加坡外長確診COVID-19,Real,國際,2022/8/6 18:09
民眾不想打疫苗 杜特蒂新招：趁熟睡幫他們打,Real,國際,2021/10/13 03:43
英擴大追加劑接種計畫 籲40到49歲成人施打,Real,國際,2021/11/16 10:46
若有接種疫苗 研究：近32萬美國人不會染疫死亡,Real,國際,2022/5/17 16:12
2／9新冠疫情 本土＋10 境外＋44,Real,生活,2022/2/9 14:41
境外移入＋17例 確診無新增死亡,Real,生活,2021/12/2 14:21
智利擬開始對3歲以上孩童接種COVID-19疫苗,Real,國際,2021/11/26 07:24
快打追加劑 美CDC曝：新冠死亡率降90％,Real,國際,2022/1/6 15:23
英國邊境全面解封 18日起入境毋須做新冠篩檢,Real,生活,2022/3/15 14:33
佛奇：打完3劑參加大型派對也不安全,Real,國際,2021/12/23 13:40
新增72例 分別為40例本土及32例境外移入,Real,生活,2022/2/5 14:30
幕僚染疫 翁山蘇姬隔離中未出庭,Real,國際,2022/3/28 19:35
中研院研發治療抗體 雞尾酒療法對抗COVID-19變異株,Real,健康,2021/10/22 13:47
近40年任期美「防疫隊長」將交棒？ 本人親吐1關鍵,Real,國際,2022/5/16 17:52
本土再＋17 桃園相關群聚累積破百人,Real,生活,2022/1/18 14:32
美CDC開綠燈 全面批准莫德納疫苗供18歲以上接種,Real,國際,2022/2/5 10:19
猴痘如COVID-19流行？ 醫生說有這種狀況才會傳染,Real,健康,2022/7/27 14:02
美國日增病例驟降90％ 多州解除口罩令,Real,國際,2022/2/23 16:06
兆豐保險獲核准銷售移工防疫院醫療險 保障最高50萬元,Real,財經,2021/12/1 10:22
造福窮國 輝瑞授權生產COVID-19抗病毒學名藥,Real,國際,2021/11/17 00:06
今年自購第三批 122萬劑莫德納凌晨抵台,Real,生活,2022/2/28 03:31
打高端也放行! 南韓宣布6／8起全面鬆綁 沒打疫苗入境免隔離,Real,國際,2022/6/3 09:05
長者打疫苗抽房車、黃金元寶 台南1天湧2300人接種,Real,生活,2022/6/28 15:49
防疫鬆綁、BA.2流行釀完美風暴 西歐疫情再起,Real,國際,2022/3/22 14:08
越南自認生活恢復正常 可望取消國內健康申報,Real,國際,2022/4/27 13:07
科技股帶勁 AI、電動車衝鋒,Real,投資理財,2022/1/19 04:10
新增4例確診 分別為1例本土及3例境外,Real,生活,2021/10/9 14:25
比COVID更嚴峻 抗藥性感染一年奪命上百萬,Real,國際,2022/1/20 13:23
「這族群」獲超人免疫力! 以色列研究揭BA.5踢到鐵板了,Real,國際,2022/6/14 17:38
第1~3類民眾 接種第二劑新冠疫苗滿五個月可打第三劑,Real,生活,2021/12/2 14:58
本土+281 境外+78,Real,生活,2022/4/6 17:16
裴洛西離開前再發聲 強調美對台承諾「堅定不移」,Real,國際,2022/8/3 18:03
美親密盟友想將手伸入印太 專家曝弱點：實習生,Real,國際,2022/7/21 17:59
睽違68天本土再＋0！ 境外＋82,Real,生活,2022/3/10 15:34
美國務卿布林肯確診COVID-19 近期未與拜登見面 對中政策重大談話延後,Real,國際,2022/5/5 05:09
盼新冠肺炎降為「季節流感」？ 專家曝2關鍵：恐永難達成,Real,國際,2022/5/15 22:26
綠委爭取延長醫事人員免費心理諮商方案 擴大適用對象,Real,政治,2022/9/27 21:37
應對疫情 拜登：加倍採購輝瑞口服藥Paxlovid,Real,國際,2022/1/5 09:46
拜登染疫狀況好轉仍喉嚨痛 17名密切接觸者篩檢結果曝,Real,國際,2022/7/25 05:31
歐洲疫情升溫 美國務院警示勿前往德國丹麥,Real,國際,2021/11/23 13:51
增8例確診 分別為2例本土及6例境外移入,Real,生活,2021/10/22 15:22
美首席防疫專家佛奇：將於拜登任期結束前退休,Real,國際,2022/7/19 11:23
本土＋17 創今年新高 西堤相關有14人,Real,生活,2022/1/17 14:46
第三劑施打間隔縮短 18歲以上滿12周應打追加劑,Real,生活,2022/1/7 14:40
世衛：Omicron有可能讓歐洲疫情劃下句點,Real,國際,2022/1/24 11:41
李顯龍打疫苗追加劑 籲年長者踴躍接種防重症 ,Real,國際,2021/9/17 15:18
就是這道光！研究發現消毒殺菌的「新紫外線 」,Real,健康,2022/4/3 08:22
美染疫死亡破80萬例 疫苗問世後仍死45萬人,Real,國際,2021/12/15 11:03
石油需求堪憂 OPEC＋堅持小幅增產,Real,國際,2022/5/5 23:02
軍人拒打COVID疫苗 美國陸軍：立即除役,Real,國際,2022/2/3 05:19
國際油價反彈 二檔正向原油ETF本周落底向上,Real,財經,2021/12/8 16:04
世衛建議第3種療法治COVID-19 對象有限制,Real,國際,2021/9/24 13:23
瑞典第4波COVID疫情延燒 總理安德森也確診,Real,國際,2022/1/14 20:39
要有新的兒童疫苗了？ 莫德納將向FDA申請批准兒童施打,Real,國際,2022/4/28 14:24
居隔、居檢有條件放寬 外出2小時改4小時,Real,生活,2021/11/24 14:12
成大防疫宣導惹議 成醫副院長：沒說要領保險才通報,Real,生活,2022/5/21 11:51
美專家籲准12至15歲打BNT追加劑 料CDC迅速決定,Real,國際,2022/1/6 11:49
透過FLARE聯合學習 NVIDIA將協作式人工智慧帶入醫療領域,Real,財經,2021/12/1 10:49
對抗COVID-19 瑞典提供第4劑疫苗給65歲以上民眾,Real,國際,2022/4/4 21:23
世衛：BA.2不會比Omicron本身嚴重,Real,國際,2022/2/23 12:40
美首席防疫專家佛奇確診Covid 已施打兩劑追加劑仍染疫,Real,國際,2022/6/16 04:11
"本土+50,780 境外+48 死亡12例",Real,生活,2022/5/10 15:12
Omicron全球經濟攔路虎 春天何時來,Real,時論廣場,2022/1/20 04:10
日本政府：支援國內藥廠開發Omicron疫苗,Real,國際,2021/12/3 16:18
智利下週開打第4劑COVID-19疫苗 拉美第一國,Real,國際,2022/1/7 05:19
加拿大外長新冠快篩陽性 邊隔離邊工作,Real,國際,2021/12/21 13:28
COVID爆發兩年 研究：世界仍無法應對下次大流行,Real,國際,2021/12/9 11:33
品觀點｜快篩陽性怎麼辦 居隔打1922一般人醫院採檢,Real,生活,2022/4/8 10:46
金門今＋88例 5至11歲第2劑疫苗6月下旬開打,Real,生活,2022/6/16 15:57
喬柯維奇打赤膊備戰美網「祈禱美國政府解禁」,Real,體育,2022/7/31 10:36
越南確診數動輒破10萬 衛生部：平常心看待,Real,國際,2022/3/6 09:27
巴西擬對5至11歲兒童施打COVID-19疫苗,Real,國際,2021/12/18 09:35
美出現首宗Omicron死亡病例 50多歲男性未打疫苗,Real,國際,2021/12/21 15:20
Omicron攪局 華爾街銀行甩不掉遠距辦公,Real,國際,2022/1/30 10:11
土耳其單日確診連破紀錄 11萬例幾全因Omicron,Real,國際,2022/2/3 09:02
泛美衛生組織：美洲各地新冠疫情連8周減緩,Real,國際,2021/11/4 07:09
研究：1／8確診者至少出現1種「長新冠」症狀,Real,國際,2022/8/5 12:57
取消嘉年華遊行卻開放私人派對 巴西防疫惹議,Real,國際,2022/3/1 10:15
25歲以下染Delta亞變異株人數增 世衛密切追蹤,Real,國際,2021/10/28 16:10
本土＋13 高雄也爆確診,Real,生活,2022/1/20 15:19
Omicron像感冒不用怕？1症狀恐喪失工作能力 1／4患者都有,Real,國際,2022/1/20 16:10
不明感染源確診增 指揮中心公布免費拿快篩試劑地圖,Real,生活,2022/3/29 14:28
疫苗覆蓋率高 馬來西亞完整接種者取消旅行限制,Real,國際,2021/10/10 18:02
本日無本土新增案例 境外移入＋4例,Real,生活,2021/11/2 14:20
害梅西染病？阿根廷DJ遭球迷辱罵「殺人兇手」,Real,體育,2022/1/4 15:30
大病初癒 保養是續命關鍵！新冠肺炎癒後的中醫調養,Real,健康,2021/11/12 09:23
巴西總統妄稱疫苗與愛滋有關 遭臉書YouTube刪除,Real,國際,2021/10/26 11:26
研究：氣喘兒童染新冠 發病與治療頻率恐增,Real,國際,2022/5/3 10:38
品觀點｜宗教協會群聚增4例 第24期疫苗明起預約,Real,生活,2022/2/22 16:49
境外移入＋5例 無新增死亡,Real,生活,2021/11/30 14:22
美新冠死亡總數 追平1918年西班牙大流感,Real,國際,2021/9/21 09:50
屏東＋2403 屏東火車站疫苗速打站再加開,Real,生活,2022/6/22 15:36
美預測 未來4周境內逾6萬2000人染疫死亡,Real,國際,2022/1/13 14:05
佛奇籲拒絕跨年趴 預期Omicron病例1月底達高峰,Real,國際,2021/12/30 12:49
今日新增本土＋10 境外＋44 無新增死亡,Real,生活,2022/1/19 14:40
魁北克疫情下缺醫護人手 特許確診職員續工作,Real,國際,2021/12/29 14:08
21期公費疫苗預約平台 開放查詢資格,Real,生活,2022/1/25 14:41
疫情大流行一年半 全球仍未從錯誤記取教訓,Real,國際,2021/10/26 18:39
英美8國完整接種疫苗者 入境新加坡免隔離,Real,國際,2021/10/19 21:55
再破5萬！今增50710例 40歲男「意識改變」腦炎亡,Real,生活,2022/10/7 13:55
英官員：無論疫情再燒5年10年 盼與病毒共存,Real,國際,2022/1/10 14:08
我見我思－借鏡開發Covid19疫苗的新「創新典範」,Real,專題周報,2022/2/7 04:10
加拿大Omicron病例攀升 美CDC籲勿前往,Real,國際,2022/1/11 18:36
紐約市抗疫新手段 下令民間企業員工接種疫苗,Real,國際,2021/12/7 07:33
「人家忍不住了」被正妹同事推倒 男靠這招躲老婆爽吃,Real,國際,2022/8/10 23:49
長者確診有４種非典型症狀 醫：當心恐間接致死,Real,健康,2022/6/5 05:32
日91歲婦接種疫苗後死亡 官方核予救濟金首例,Real,國際,2022/7/26 13:20
新冠奪命500萬 百餘年最嚴重傳染病之一,Real,國際,2021/11/1 15:42
最新研究揭新冠住院患者超低康復率 3種人難甩後遺症,Real,國際,2022/4/24 14:52
首批新冠口服藥物「莫納皮拉韋」 今晨抵台,Real,生活,2022/1/24 08:24
猴痘全球肆虐 英國：「這種人」最危險,Real,國際,2022/6/23 19:53
伊朗擔心Omicron蔓延 禁英法丹麥挪威旅客入境,Real,國際,2021/12/27 11:22
陳建仁：追求零確診不切實際 不要害怕與病毒共存,Real,政治,2022/1/21 20:08
Omicron像感冒分辨不出？3大特殊症狀要注意,Real,國際,2022/1/12 08:06
芬蘭總統染COVID-19後又得肺炎 狀況好轉將出院,Real,國際,2022/4/27 23:32
新冠死亡率全球之冠 秘魯實施室內出示疫苗證明,Real,國際,2021/11/15 12:09
列舉防疫六大作為 賴清德：早日進入與病毒共存新常態生活,Real,政治,2021/10/3 12:53
輝瑞口服藥向美申請授權 可降89％住院死亡風險,Real,國際,2021/11/17 13:46
日外相：打算第6度提供台灣COVID疫苗,Real,政治,2021/10/15 16:45
美國網球公開賽8/29開打 喬科維奇不克參賽,Real,體育,2022/8/26 00:03
荷蘭疫情再起 總理宣布3周嚴格限制措施,Real,國際,2021/11/13 04:57
華郵：美擬增購數以百萬計輝瑞疫苗 捐贈全世界,Real,國際,2021/9/18 06:03
高雄BA.5首例是船廠員工 家人同事12人也染疫,Real,生活,2022/7/25 18:05
台北市本土＋1 境外移入＋6,Real,生活,2021/11/5 14:19
白宮：拜登COVID持續篩陽 至少1症狀復發,Real,國際,2022/8/3 15:17
拿到都快過期 塞內加爾數十萬AZ疫苗報廢,Real,國際,2021/12/14 14:52
基隆專勤隊結合民團 宣導外來人口安心接種疫苗,Real,生活,2021/12/12 21:10
5月全球手機出貨 不到1億支,Real,財經要聞,2022/7/2 04:10
本土確診狂飆 陳建仁說話了 防疫重點在這,Real,政治,2022/4/24 21:53
韓國月底前開打第4劑疫苗 瑞典建議逾80歲長者接種,Real,國際,2022/2/14 20:42
24萬人受惠！衛福部提供居家服務陪同打疫苗專案津貼,Real,生活,2022/2/7 15:06
今境外移入25例 2舊案改為本土病例,Real,生活,2022/1/3 14:58
Omicron蔓延 加拿大2確診、法有8疑似病例,Real,國際,2021/11/29 10:41
打滿3劑免篩檢！醫院及長照機構3月起開放探視 排除北北桃高,Real,生活,2022/2/24 14:40
接觸新冠患者還跑夜店 芬蘭總理道歉了,Real,國際,2021/12/9 09:59
歐洲第一國 奧地利將強制成人打疫苗,Real,國際,2022/1/21 16:53
新北確診者遊金門3天 縣府緊急匡列7人採檢全陰,Real,生活,2022/4/16 17:23
成人接種普及且產量激增 印度擬恢復疫苗出口,Real,國際,2021/9/15 20:04
北韓新冠疫情爆發 金正恩再批官員應對「不成熟」,Real,國際,2022/5/18 10:10
遏制COVID-19 歐盟數國啟動幼童疫苗接種計畫,Real,國際,2021/12/15 19:50
重啟移工引進 首張移工COVID-19健康險獲准,Real,財經,2021/11/16 16:34
Omicron不一樣 澳總理宣布：澳洲不再封城,Real,國際,2022/1/3 10:10
美國準備下週推行疫苗追加劑 待衛生主管機關點頭,Real,國際,2021/9/18 17:50
受疫情影響 巴西近2000萬兒童活在飢餓中,Real,國際,2021/10/12 09:09
COVAX疫苗供過於求,Real,產業特刊,2022/3/13 04:10
法總理驗出新冠陽性反應 將邊隔離邊工作,Real,國際,2021/11/23 06:01
美FDA批准默沙東口服藥 增加COVID-19療法選項,Real,國際,2021/12/24 03:49
哪節車廂病毒少、空氣流通佳？ 研究揭「最安全位置」驚人真相,Real,國際,2022/6/24 19:20
刺胳針刊研究：7款COVID疫苗當追加 效果都夠,Real,國際,2021/12/3 12:45
症狀超像！ 英國半數感冒者染Omicron 專家籲多注意「這些病徵」,Real,國際,2021/12/26 17:21
海納百川》0-5歲新冠疫苗開打 專家憂副作用（艾立勤）,Real,海納百川,2022/8/13 12:59
防疫情死灰復燃 澳洲擬祭新冠追加劑,Real,國際,2021/10/25 18:48
免疫長期未激發恐成免疫負債 醫師籲接種流感疫苗,Real,健康,2021/11/16 10:24
輕症也難擋 美專家警告：感染新冠恐提早10年失智,Real,國際,2021/9/13 22:43
墨西哥總統二度確診 症狀輕微,Real,國際,2022/1/11 08:52
BA.4、BA.5恐這時大爆發！專家警告快做3件事,Real,國際,2022/6/14 14:58
COVID-19快篩套組飆至萬餘元 澳洲徹查遏止囤貨,Real,國際,2022/1/17 15:30
全球麻疹病例激增8成 UN：恐為其他疾病爆發前兆,Real,國際,2022/4/28 15:43
品觀點｜4例本土陰轉陽 明開放第25期追加劑預約,Real,生活,2022/3/1 16:48
英國新增93045起Covid病例 連3天創單日新高紀錄,Real,國際,2021/12/18 03:54
力抗本土疫情 美食-KY營收加速成長,Real,財經,2022/2/10 15:39
COVID-19疫情全球發燒 歐美多國單日確診衝新高,Real,國際,2021/12/30 14:30
和泰產險移工防疫保險獲核准,Real,財經,2021/11/19 19:14
金門＋101例 全台防疫評比獲4個獎項,Real,生活,2022/8/24 20:28
北韓官媒：單日新增發燒病例連兩天低於20萬,Real,國際,2022/5/23 09:43
日本官房長官確診COVID-19 岸田非密切接觸者,Real,國際,2022/7/23 18:27
日本新增COVID-19確診9.5萬例 101人死亡,Real,國際,2022/2/4 19:54
對抗COVID-19 泰國將購買默沙東口服藥,Real,國際,2021/11/9 22:44
確診新冠症狀變了！醫曝染BA.5有5大病徵,Real,生活,2022/7/17 12:34
香港新冠肺炎病亡者太多 環保紙棺因此流行,Real,國際,2022/3/29 18:31
東加王國出現首例COVID-19確診 當局警告恐封城,Real,國際,2021/10/30 17:57
新冠疫情恐掀失智潮,Real,專題周報,2021/9/19 04:10
女童染疫竟癱瘓、不能說話 臥床1個月現況曝 醫全嚇傻：沒見過,Real,國際,2022/8/28 22:16
拜登COVID-19確診一天後 白宮稱其狀況還不錯,Real,國際,2022/7/22 23:56
澳洲維州創單日確診新高 紐西蘭寫下6周來最多,Real,國際,2021/10/14 13:45
美軍對F-35做這件事 外媒：組織面臨解體,Real,軍事,2022/7/7 21:46
品觀點｜確診居家醫療照護 採購70萬劑新冠口服藥,Real,生活,2022/4/11 17:29
完成混打意願登記民眾 19日限時預約混打mRNA疫苗,Real,生活,2021/11/18 14:43
公費快篩年底前可領 擴增37家偏鄉、離島定點診所加入,Real,生活,2022/6/30 14:11
NBA》厄文也觸發COVID協議 籃網9人遭隔離,Real,體育,2021/12/19 07:07
進度落後對手 賽諾菲停止開發mRNA COVID疫苗,Real,國際,2021/9/28 22:21
竹縣＋1084 下周六社區接種站成年、嬰幼兒疫苗開放預約,Real,生活,2022/9/17 15:25
新冠後遺症最易留在「這群人」身上 常見7大症狀,Real,健康,2022/1/20 05:22
竹市＋580例 今年累積8萬4079例,Real,生活,2022/7/28 16:28
Omicron蔓延 丹麥冰島雙創COVID單日確診新高,Real,國際,2021/12/28 10:24
確診5症狀族群 染黑真菌恐失明 AI助早療,Real,生活,2022/9/1 11:47
紐約猴痘確診病例攀升 接種站外大排長龍,Real,國際,2022/7/18 15:48
新增5例COVID-19境外移入病例,Real,生活,2021/10/29 14:29
泰國出現Omicron超級傳播者 COVID-19確診恐激增,Real,國際,2021/12/29 20:13
美CDC研究：超過3成染疫者有長期新冠症狀 高風險族群曝光,Real,國際,2021/9/21 18:55
COVID-19境外移入＋6例 死亡＋1例,Real,生活,2021/11/9 14:50
智慧教育有成 中正高中榮獲全國智慧製造應用競賽金獎,Real,新消息,2022/8/23 17:04
專家認COVID-19疫情再度擴大 東京調升警戒等級,Real,國際,2022/6/30 19:26
聯邦快遞運送第一批COVID-19疫苗滿週年,Real,財經,2021/12/15 19:42
美國男子不打COVID疫苗 醫院拒為他動換心手術,Real,國際,2022/1/28 03:44
HTC旗下VIVE Arts 展出VR作品,Real,產業．科技,2022/6/17 04:10
英國單日破5萬例新冠確診 7月以來首見,Real,國際,2021/10/22 03:08
本土確診＋13 3例關聯性不明 境外＋25,Real,生活,2022/1/25 14:30
移工12月1日起須投保COVID-19醫療保險,Real,生活新聞,2021/11/30 04:10
境外移入＋21例 確診無新增死亡,Real,生活,2021/12/7 14:22
本土＋5 全是居隔陰轉陽 境外＋39,Real,生活,2022/2/22 14:31
中國批准首款COVID-19特效藥 可降低78％死亡率,Real,兩岸,2021/12/9 16:03
拜登確診新冠肺炎 白宮曝最新健康情況,Real,國際,2022/7/21 22:31
美國第一夫人吉兒COVID-19復陽 拜登仍陰性,Real,國際,2022/8/25 09:56
疫情狂燒惹民怨 陳建仁呼籲：同命共好 中央與地方合作,Real,政治,2022/5/25 20:06
全球感染COVID-19病例突破3億,Real,國際,2022/1/8 06:32
Omicron非終點 世衛：下一變異株傳染力可能更強,Real,國際,2022/1/26 18:56
新竹市新增516例 今年累積9萬2799例,Real,生活,2022/8/14 14:58
巴西大規模疫苗接種奏效 多州出現零死亡,Real,國際,2021/11/10 09:43
韓國新增5123起COVID-19病例 再創單日新高,Real,國際,2021/12/1 16:50
驚人！新冠病毒「1滴就中鏢」 感染後第5日擴散力最強,Real,國際,2022/2/3 17:22
竹縣＋872 第2次追加劑接種對象7／1起施打,Real,生活,2022/6/30 15:58
英國單日新增逾8.8萬例確診 連兩天刷新紀錄,Real,國際,2021/12/17 03:54
日本塩野義製藥COVID-19口服藥 擬2月中申請許可,Real,國際,2022/2/8 09:45
愛爾蘭總統希金斯確診COVID-19,Real,國際,2022/3/4 23:47
印度10月擬生產3億劑COVID-19疫苗 將恢復出口,Real,國際,2021/9/20 23:05
英研究：同時打COVID-19和流感疫苗安全,Real,國際,2021/10/1 11:41
新增11例COVID-19境外移入確定病例,Real,生活,2021/12/4 15:13
研究：COVID-19輕症仍可能導致注意與記憶力衰退,Real,國際,2022/1/19 14:14
本土＋23創今年新高 北桃高都現確診 境外＋45,Real,生活,2022/1/21 16:05
越南確診與重症數增 專家自信致命疫情不再現,Real,國際,2022/8/1 06:29
新竹市＋958 市府籲民眾落實防疫,Real,生活,2022/9/17 15:52
長者打疫苗領500 好康延至7月31日,Real,生活,2022/6/24 14:18
新增6例境外移入COVID-19確定病例,Real,生活,2021/10/28 15:01
3／30疫情 確診多點散發 本土＋56 境外＋107,Real,生活,2022/3/30 16:18
境外移入＋10例 確診無新增死亡,Real,生活,2021/12/6 15:15
 何美鄉認了：疫情防治比預想艱難,Real,政治,2022/6/10 09:46
美FDA授權輝瑞BNT 替5至11歲童打COVID-19加強針,Real,國際,2022/5/18 10:27
粉碎染疫傳言 英女王公開現身抱怨身體僵硬,Real,國際,2022/2/17 12:43
高端疫苗三期解盲達標 獲巴拉圭緊急使用授權,Real,財經,2022/2/14 22:52
世衛公布染新冠長期症狀 衛福部將訂診斷碼因應,Real,生活,2021/10/14 13:08
全球爆不明兒童肝炎 世衛要查是否與COVID有關,Real,國際,2022/5/11 14:13
美新冠疫情還沒到頂峰？ 醫院曝：病患喪命速度「前所未見」,Real,國際,2021/12/10 22:32
摩洛哥國王確診COVID-19 無明顯症狀,Real,國際,2022/6/17 06:09
今日新增本土2例 境外＋54例,Real,生活,2022/2/23 14:46
印度郵輪爆66人染疫 全船乘客禁止登岸,Real,國際,2022/1/3 22:42
日本COVID-19確診病例攀升 日媒指恐有第7波疫情,Real,國際,2022/4/1 14:58
奧地利新冠確診激增 維也納將收緊防疫限制,Real,國際,2021/11/5 03:10
今日境外移入24例 為今年最多,Real,生活,2021/12/30 15:22
柏文7月營收2.94億元 年增逾4倍,Real,財經,2022/8/10 21:03
韓批准首支國產COVID-19疫苗 需打2劑可冷藏儲存,Real,國際,2022/6/29 20:50
法千萬人打滿3劑疫苗 單日新增病例仍飆破5萬,Real,國際,2021/12/5 14:27
赴美登機前須採檢 美旅遊團體促白宮改弦更張,Real,國際,2022/2/3 17:41
歐盟承認台灣疫苗接種數位證明 外交部：肯定我防疫成果,Real,政治,2021/12/21 20:55
職業訓練配合防疫 勞動部：訓練場域從業人員12／17完成疫苗2劑接種,Real,財經,2021/12/6 17:33
彭博：蘋果員工染疫增加 暫時關閉美加3零售店,Real,國際,2021/12/16 08:50
誰是COVID-19絕緣體？ 英研究揭密「有人天生不會感染新冠」,Real,國際,2022/4/15 17:47
裴洛西訪台釀軍事對抗 學者曝美中背後想法,Real,國際,2022/8/4 21:58
第23期公費疫苗平台16日開放預約接種追加劑,Real,生活,2022/2/15 15:01
Omicron重創秘魯 1月首周7萬確診創紀錄,Real,國際,2022/1/11 14:49
高雄＋2340例 BA.5個案維持3例,Real,生活,2022/7/28 16:54
珍奶外交 日出茶太帛琉開店首日賣出525杯,Real,財經,2022/9/7 16:16
世衛：最易染疫族群應接種COVID-19第2劑加強針,Real,國際,2022/8/19 20:14
高雄出現首例登革熱個案 林欽榮視察防治工作,Real,生活,2022/9/7 20:25
全美第一個 美國批准輝瑞COVID-19口服藥在家使用,Real,國際,2021/12/23 04:53
她確診Omicron康復曝驚人後遺症 「每天包尿布」母幫擦屁股,Real,國際,2022/5/29 23:23
網路違法販售COVID-19快篩試劑 汐止警扣885劑,Real,社會,2022/7/14 12:19
IFPA DAY保險業年會 線上舉行,Real,證券．權證,2021/10/5 04:10
WHO將成立新委員會 加速因應COVID與猴痘等疫情,Real,國際,2022/5/31 15:23
密克羅尼西亞發現COVID-19 零病例國家又少一個,Real,國際,2022/7/20 14:09
英醫療專家：12至15歲未接種疫苗者幾乎都將染疫,Real,國際,2021/9/23 16:00
剛結束土耳其行程返國 希臘總理確診COVID-19,Real,國際,2022/3/14 20:41
美新冠確診破5千萬例 Delta最多Omicron擴散,Real,國際,2021/12/13 14:28
烏克蘭COVID-19病例攀升 世衛：疫情10月達頂峰,Real,國際,2022/9/13 04:50
日本接納烏克蘭難民 免保證人及COVID陰性證明,Real,國際,2022/3/18 12:08
加州對Omicron不敢大意 恢復室內公共場所口罩令,Real,國際,2021/12/14 11:01
德單日破5萬確診 創疫情以來紀錄,Real,國際,2021/11/11 17:06
COVID-19抗體檢測平台 元樟科技獲高醫大技轉,Real,投資理財,2021/12/20 04:10
中央要求新北提正式報告 恩恩爸「欣慰」再提8問題,Real,生活,2022/6/29 14:21
美國「第2先生」染新冠 賀錦麗採檢陰性,Real,國際,2022/3/16 08:51
澳洲政府警告：喬帥若勝訴仍可能被再次拘留,Real,體育,2022/1/10 07:57
英國建議50歲以上追加第3劑疫苗,Real,國際,2021/9/14 22:35
這3類對象建議施打第四劑 彰化縣衛生局推合約醫療院所,Real,生活,2022/5/15 17:48
研究：已完整接種者染疫 傳給同住者機率仍達38％,Real,國際,2021/10/29 10:27
研究：COVID-19疫苗確實可能讓女性經期大亂,Real,政治圈,2022/9/28 20:03
輝瑞 COVID-19 口服藥、mRNA 流感疫苗臨床進度 最新動態揭曉,Real,健康,2021/9/29 06:43
美國新研究有助解開COVID腦霧症狀謎團,Real,國際,2022/7/6 21:23
防堵第6波疫情 加拿大開打第4劑新冠疫苗,Real,國際,2022/4/6 13:43
Omicron病例暴增 荷蘭宣布封鎖 倫敦進入重大事件狀態,Real,國際,2021/12/19 15:36
COVID-19口服藥 輝瑞向日政府申請批准,Real,國際,2022/1/14 13:38
元樟生技攜手高醫大拚防疫 90分鐘測出抗體濃度,Real,生活,2021/12/16 19:08
韓國單日確診新增4954例 36人感染Omicron,Real,國際,2021/12/7 10:32
日本外相確診COVID-19 內閣閣員第3人,Real,國際,2022/6/1 17:08
WHO：歐洲COVID-19死亡人數突破200萬,Real,國際,2022/5/13 00:03
本土＋14 境外＋54 無新增死亡個案,Real,生活,2022/2/17 15:04
世衛：COVID-19全球疫情大流行有望結束,Real,國際,2022/9/15 06:05
世衛：輝瑞口服藥大減住院機率 高風險患者適用,Real,國際,2022/4/22 12:07
NBA》勇士威金斯：至今仍後悔去施打疫苗,Real,體育,2022/7/20 19:59
疫情嚴峻代工一哥廣達上海廠停工 重創MacBook生產,Real,財經,2022/4/13 15:47
確診個案居家照護 三大醫療協助措施,Real,生活,2022/4/11 15:28
香港疫情延燒 大增7533例確診創單日新高,Real,兩岸,2022/2/21 17:52
第22期莫德納最搶手 剩不到13萬劑 逾107萬人完成預約,Real,生活,2022/2/9 20:16
繼WHO後日本也改口! 認了防疫政策「最致命錯誤」 ,Real,國際,2022/4/23 22:59
中國控美干預冬奧 華府籲放寬外交人員防疫規範,Real,國際,2022/1/28 11:39
改善長新冠 曬太陽補充維他命D、鋅,Real,生活新聞,2022/6/19 04:10
本土＋382 境外＋149 陳時中：確診數量恐再上升,Real,生活,2022/4/7 15:50
韓國觀光復活！ 今起赴韓完整接種疫苗免隔離 但「不含高端」,Real,國際,2022/6/1 08:23
訪台進退兩難 專家教裴洛西「一招」緩解美中風暴,Real,國際,2022/7/29 22:04
2022年匯市投資 這兩貨幣最上相,Real,財經,2021/11/23 21:22
新冠再度席捲歐洲 這國被迫全面封鎖,Real,國際,2021/11/19 18:54
竹縣＋1279 周日加開新冠與流感疫苗社區接種站,Real,生活,2022/10/1 17:52
倫敦帝國學院：巴西新冠傳染數值降低,Real,國際,2021/9/15 11:03
北韓版佛奇？ 衛生官員柳永哲成抗疫熟面孔,Real,國際,2022/5/20 21:43
衛福部增列指定處所居家隔離者可申請COVID-19防疫補償,Real,財經,2021/10/22 19:03
莫德納向美FDA申請批准 6歲以下接種COVID疫苗,Real,國際,2022/4/29 04:40
NBA》公牛疫情爆發 拉文成為第9位被隔離球員,Real,體育,2021/12/13 08:06
英國確診COVID-19新增18萬9846例 再創新高,Real,國際,2022/1/1 04:49
新加坡准用輝瑞抗COVID-19口服藥 最快2月交貨,Real,國際,2022/2/4 16:39
竹縣今增981例確診 催打5至11歲接種2劑,Real,生活,2022/6/29 15:12
日本單日新增逾1.3萬例 疑現首例Omicron死亡,Real,國際,2022/1/12 21:55
染疫兒童康復後 恐有多重器官發炎、長期新冠後遺症,Real,健康,2022/6/6 05:32
台灣2022年GDP年增 外銀估仍居亞洲四小龍之冠,Real,財經,2022/4/28 03:11
住宿式長照機構開放探視 打滿3劑免篩檢,Real,生活,2022/6/24 14:31
COVID-19為何引起肺栓塞 中研院找到關鍵因素,Real,生活,2022/9/14 13:18
「確診孕婦都交給我吧」 醫曝同事一句話 惹哭7000網友,Real,生活,2022/5/4 23:18
日防Omicron 岸田文雄宣布鎖國再延長,Real,國際,2021/12/22 11:15
法擴大健康通行證規定 65歲以上打3劑才能進餐廳,Real,國際,2021/11/10 15:08
拜登：會面與否 取決於金正恩是否真誠,Real,國際,2022/5/21 17:16
《半導體》DRAM旺季恐不旺 雙雄拚甩低潮,Real,財經,2022/6/24 14:18
新冠病毒超狂進化再等5年降流感 連病毒界「喬丹」都跪了 ,Real,國際,2022/5/23 04:30
菲律賓近6成民眾生活品質惡化 杜特蒂聲望下滑,Real,國際,2021/10/30 17:48
輝瑞執行長接種4劑疫苗 確診COVID-19症狀曝光,Real,國際,2022/8/16 10:00
Omicron多輕症沒在怕？染疫6大可怕後果曝光,Real,國際,2022/1/13 16:08
新增4例COVID-19確診 皆境外移入,Real,生活,2021/10/13 14:35
這國又爆「神秘肺炎」僅1人康復 患者撐不過10天身亡,Real,國際,2022/9/1 18:13
白宮：Omicron亞型變異株在美傳播 約3.5萬確診,Real,國際,2022/3/15 14:57
俄羅斯COVID-19疫情升溫 連續兩天通報逾5萬病例,Real,國際,2022/9/3 21:07
莫德納稱其新冠疫苗對6至11歲安全有保護力,Real,國際,2021/10/26 03:36
日本COVID-19死亡累計逾2萬 東京確診增1.8萬例,Real,國際,2022/2/11 18:59
前幕僚新書：川普大選辯論前3天已呈COVID陽性,Real,國際,2021/12/2 11:45
調整醫療應變策略 負壓隔離病房清空非必要入住於病人,Real,生活,2022/1/6 15:03
與確診幕僚接觸30分鐘 拜登再接受COVID-19檢測 待結果出爐,Real,國際,2021/12/23 04:50
柬埔寨防堵病毒一再變異 威脅不打疫苗沒得工作,Real,國際,2022/2/8 22:09
台南疫苗接種春節不打烊 廟宇、藝文場館設接種站,Real,生活,2022/2/1 15:39
從珍珠奶茶找解鬱靈感 成大獲國際競賽iGEM金獎,Real,生活,2021/12/8 18:17
新加坡擴大開放邊境 星馬陸路關卡車流重現 ,Real,國際,2022/4/1 18:08
馬來西亞日增3.2萬人染疫 再創新高,Real,國際,2022/2/25 19:45
三星旗艦機Galaxy S22系列2月9日亮相 銷量能否重返高點待觀察,Real,財經,2022/1/26 21:32
東京增1萬7526例創週日新高 橫濱群聚7人死亡,Real,國際,2022/2/6 19:03
英相強生：Omicron巨浪來襲 速打第3劑,Real,國際,2021/12/13 10:06
佛奇：COVID-19疫苗追加劑可混打 但建議避免,Real,國際,2021/10/22 23:47
美疾管中心：取消COVID-19勿前往90國名單,Real,國際,2022/4/19 13:30
羅氏抗體雞尾酒療法 向歐盟申請行銷授權,Real,國際,2021/10/12 17:56
今增5例境外移入個案 4例男性、1例女性,Real,生活,2021/10/4 14:42
標普：亞太經濟復甦路難行,Real,全球財經,2021/12/1 04:10
中國為防疫不惜再封城 全球供應鏈剉咧等,Real,國際,2022/1/8 03:18
泰國10月起全面解封 旅客入境不需疫苗證明,Real,國際,2022/9/23 18:13
Omicron肆虐英國 單日確診近12萬例再創紀錄,Real,國際,2021/12/24 03:52
海外疫情持續延燒 從哈佛校長的公開信學英文,Real,國際,2021/9/16 13:31
COVID-19篩檢2次陰性 拜登：將恢復實體工作,Real,國際,2022/7/28 05:26
以色列總理Covid-19檢測陽性 昨才會晤美國務卿,Real,國際,2022/3/28 16:55
北韓疫情大爆發疑與閱兵有關 金正恩戴口罩開會,Real,國際,2022/5/13 14:02
藍智庫：單株抗體對Omicron無效 應檢討春節專案,Real,生活,2021/12/15 13:25
繼COVID-19療法後 牛津科學家開始研究猴痘藥物,Real,國際,2022/8/24 05:39
3/7本土確診+2 境外+27,Real,財經,2022/3/7 14:39
有條件放寬 完成疫苗接種的檢疫者外出時間延長,Real,生活,2021/11/24 14:40
COVID期間美供世衛資金銳減25％ 德躍最大捐助國,Real,國際,2022/1/26 14:21
日本BA.5擴散 近7成地區COVID-19新增病例轉增,Real,國際,2022/7/3 13:33
疫情期間貧富不均擴大 億萬富豪財富占全球比例飆,Real,國際,2021/12/8 08:14
「災難性的一天」 CNN：拜登時間不多了,Real,國際,2022/4/29 17:55
ACIP會議有結論 這6類人應打新冠疫苗第三劑,Real,生活,2021/11/29 15:00
大排長龍等採檢 逾3000輛卡車困阿根廷智利邊境,Real,國際,2022/1/30 11:09
喬柯維奇為何不打疫苗？外媒分析可能原因,Real,體育,2022/1/11 10:34
紐時：莫德納追逐獲利「優先給富國」 令窮國難以取得疫苗,Real,國際,2021/10/11 02:44
8種人打第二劑滿28天 應加打全劑量mRNA,Real,生活,2021/12/20 15:26
境外移入＋20例 無新增死亡個案,Real,生活,2021/12/24 14:52
新增8例境外移入COVID-19確定病例,Real,生活,2021/10/27 14:35
印度孟買單日無死亡病例 抗疫重大里程碑,Real,國際,2021/10/18 15:50
"本土+17,801 境外+57 死亡3例",Real,生活,2022/5/2 15:22
從COVID-19到ESG 建築業擁抱科技邁向永續,Real,產業．科技,2021/10/24 04:10
Omicron推升住院病例 澳洲病故人數創單日新高,Real,國際,2022/1/18 15:34
遊子貼心疫苗 澎縣府連假機場開設「快打站」,Real,寶島,2022/4/2 13:10
美國出現Omicron首例 大眾運輸口罩令擬延至3月,Real,國際,2021/12/2 11:47
染COVID-19得到自然免疫 研究：保護力比疫苗強,Real,國際,2022/1/20 22:43
法國新增確診數破50萬大關 創單日新高,Real,國際,2022/1/26 09:58
防疫保單指引出爐 產險公會整理常見10大QA問答集,Real,財經,2022/5/31 21:21
世衛：COVID離結束還早 長期控制疫情須有新疫苗,Real,國際,2021/10/27 13:36
疫情反撲民眾要自保 醫籲做好兩件事,Real,生活,2022/3/30 10:39
第一劑AZ滿八周後 25日起可至指定合約醫療院所混打,Real,生活,2021/11/23 14:41
嘉義縣covid-19抗病毒藥劑資源網 鄉鎮覆蓋率100％,Real,生活,2022/5/19 14:19
俄羅斯因相關新冠致死人數逼近78萬人,Real,國際,2022/4/2 07:29
他染疫505天病逝創最長紀錄 病毒「瘋狂突變」專家籲：這類人當心,Real,國際,2022/4/22 17:56
美各地爆機場之亂 國慶周末第一天取消逾600班機,Real,國際,2022/7/3 09:33
新加坡添1178人確診新冠肺炎 創疫情以來第二高,Real,國際,2021/9/22 05:01
美防長確診一週後再檢呈陰性 擬10日返工作崗位,Real,國際,2022/1/10 14:10
洛杉磯郡染疫人數破200萬 陽性率21.4％,Real,國際,2022/1/12 10:07
NBA》勇士格林觸發健康安全協議 全隊5人遭隔離,Real,體育,2021/12/27 07:10
時論廣場》被迫棄守的防疫大赦令（鄭慧正）,Real,時論廣場,2022/4/26 20:40
春節連假前疫情延燒 本土＋27 境外＋44,Real,生活,2022/1/28 14:50
桑黃成分可預防新冠肺炎感染 台研究成果躍上國際,Real,生活,2022/8/17 18:59
台大搶先研發COVID-19噴鼻疫苗 防Delta株突破性感染,Real,生活,2021/11/23 14:10
境外移入＋10例 無新增死亡個案,Real,生活,2021/12/21 14:21
巴西總統再失言：新冠疫苗和愛滋有關,Real,國際,2021/10/27 09:24
保護瀕危物種 加州水族館為海獺打新冠疫苗,Real,國際,2021/11/7 15:15
症狀輕不代表輕症 Omicron對慢性病患仍致命,Real,國際,2022/1/31 12:16
越南推進與病毒共存 國內旅行暫停健康申報,Real,國際,2022/5/6 10:54
白宮官員稱拜登重症風險低 賀錦麗列密切接觸者,Real,國際,2022/7/22 08:04
河馬首度發現染疫 比利時動物園驗出陽性,Real,國際,2021/12/4 12:47
美中大戰將死傷慘重 參謀首長承認：恐無力因應,Real,軍事,2022/5/22 23:50
研究：Omicron症狀似較輕 住院天數死亡率皆較低,Real,國際,2022/1/26 11:07
日本研究孕婦接種COVID-19疫苗 胎兒可獲抗體,Real,政治圈,2022/9/18 20:58
百歐COVID19 Ag完成送件 拚成國產居家唾液快篩,Real,財經,2022/4/30 20:50
《產業》CloudMile萬里雲新加坡總部啟用 實踐國際化,Real,財經,2021/10/15 14:17
泰安產險 移工防疫保險開賣,Real,財經,2021/11/26 10:29
境外移入增7例 本土病例＋0,Real,生活,2021/11/3 14:20
新冠確診病例 本土新增160例,Real,財經,2022/4/2 15:25
健康不容政治限制 南台灣美商會挺台加入世衛,Real,政治,2022/5/31 12:36
出席伊麗莎白二世葬禮後 82歲丹麥女王確診COVID,Real,國際,2022/9/21 23:07
《台北股市》焦點股-記憶體三雄,Real,財經,2022/6/12 16:38
芬蘭73歲總統確診COVID-19 遠距繼續工作,Real,國際,2022/4/19 20:36
籲富國助貧國防疫 世衛官員：否則雙手沾滿鮮血,Real,國際,2022/9/24 20:38
泰國入境再鬆綁 完整接種或持出發前72小時PCR陰性證明免隔離,Real,生活,2022/4/25 16:23
法專家稱疫情10天後達高峰 反疫苗議員染疫身故,Real,國際,2022/1/8 22:58
本土＋0 境外移入＋9例,Real,生活,2021/11/11 14:21
MLB》張育成確診COVID-19 守護者多名球員染疫,Real,體育,2022/4/21 06:49
百位卸任首長聯名致函 籲G20將剩餘疫苗轉贈窮國,Real,國際,2021/10/29 19:05
桃機案確診累計30例 境外移入新增26例,Real,生活,2022/1/10 14:35
美軍老毛病又犯 承認B-21轟炸機計畫生變,Real,軍事,2022/5/21 20:31
陳建仁批柯文哲不懂、回去看書 網友3個字猜測,Real,政治,2022/4/30 14:48
美國國會確診空前飆升 大多突破性感染但無住院,Real,國際,2022/1/4 09:23
Covid疫苗獲准對5歲以下幼童施打 拜登讚重大紓解,Real,國際,2022/6/18 03:58
北韓稱疫情獲控制 改口主張不必接種疫苗,Real,國際,2022/5/24 14:15
日本政府擬12月開打第3劑COVID-19疫苗,Real,國際,2021/11/10 19:53
第11批自購AZ疫苗 136萬劑今到貨,Real,生活,2021/10/13 18:00
接種新規定 39場所人員 需打滿兩劑疫苗,Real,生活,2021/12/8 14:28
比Omicron妹妹強10倍？ 英驚現病毒株「XE」恐成大流行,Real,國際,2022/4/1 17:55
尖點科技連續六年榮獲「TCSA台灣企業永續獎」肯定,Real,財經,2021/11/18 09:59
染疫康復者整合門診 掛號1次看診一網打盡,Real,生活,2022/2/23 14:52
新冠病毒幾天內擴散全身器官 科學家想破頭的問題有解了,Real,國際,2021/12/27 10:58
Fed升息何時到頂？專家曝最快時間點,Real,財經,2022/6/16 10:54
研究：不明兒童肝炎 新型冠狀病毒恐是根源,Real,國際,2022/5/17 16:13
NBA》新冠肺炎和流感差在哪？詹皇「蜘蛛人」哏圖引議論,Real,體育,2021/12/25 15:31
感覺失智上身？醫曝：病毒入侵也會害人腦霧 ,Real,健康,2022/3/4 05:33
批拜登政策霸凌 德州長禁企業強制接種新冠疫苗,Real,國際,2021/10/12 12:25
《半導體》股后也得敬升息三分 外資降價至2100,Real,財經,2022/5/25 15:39
疫苗覆蓋率86％病例仍增 丹麥重新實施健康通行證,Real,國際,2021/11/9 10:21
公費疫苗平台第22期自9日起開放符合資格民眾預約追加劑,Real,生活,2022/2/7 15:04
世衛示警Omicron恐使醫護超負荷 各國出招壓疫情,Real,國際,2021/12/29 03:32
新冠疫情肆虐 比爾蓋茲自爆確診,Real,財經,2022/5/11 15:14
境外移入＋10例 無新增死亡,Real,生活,2021/11/25 14:58
華府警告 Omicron亞種恐致美國今秋染疫人數上億,Real,國際,2022/5/7 22:35
美研究：孕婦感染COVID-19 大幅提高死產風險,Real,國際,2021/11/20 18:33
確診亡不用24小時內火化？ 法規明定「盡速處理」 朱學恒：衛福部沒解釋,Real,政治,2022/6/4 16:00
品觀點》元旦防疫新制 24類場域工作者需完整接種疫苗,Real,生活,2021/12/6 12:17
Omicron肆虐 英格蘭疫情盛行率1月達高峰,Real,國際,2022/1/26 16:36
伊德利布疫情大爆發 救援組織「白盔」疲於後送病患和埋屍,Real,國際,2021/9/23 00:01
雜誌精選》確診人數 break四百！學各種「超過」英文,Real,生活,2022/4/12 08:50
IMD競爭力排行 荷蘭居全球第四,Real,證券．權證,2021/9/30 04:10
美9月推出抗原始及變異病毒升級版疫苗,Real,國際,2022/8/27 11:12
科學家新視野－釐清感染COVID-19與糖尿病的關聯性,Real,專題周報,2022/6/28 04:10
Omicron來襲 土耳其單日6.6萬例創新高,Real,國際,2022/1/6 07:40
越南胡志明市遞交計畫 將為兒童與青少年打疫苗,Real,國際,2021/10/16 22:09
桃園新增2392例 整體疫情持平緩降,Real,生活,2022/7/29 16:00
染疫痊癒還沒完？世衛正式定義長期新冠症狀,Real,國際,2021/10/8 19:03
今無本土個案 境外移入＋10例,Real,生活,2021/11/12 14:20
拜登COVID-19篩檢呈陰性 為求審慎繼續隔離,Real,國際,2022/8/7 04:31
染疫康復後該打疫苗嗎？ 國外「兩研究」揭答案,Real,國際,2022/4/3 21:56
境外移入＋7例 無新增死亡,Real,生活,2021/11/23 14:40
1922明重啟 10點開放預約 17日開打,Real,生活,2022/1/14 14:46
已打過4劑疫苗 輝瑞執行長二次確診,Real,國際,2022/9/25 16:22
澳門升級防疫 9日起禁止外籍客機載客赴澳,Real,兩岸,2022/1/6 19:34
影》告別捅鼻子! 美FDA首批「新冠呼氣快篩儀」3分鐘有結果,Real,國際,2022/4/16 22:44
金門二次確診累計30例 年齡最小1歲、最長100歲,Real,生活,2022/9/14 17:30
菲國卡拉OK吉普尼乘客高歌 網友：忘了疫情嗎,Real,國際,2022/1/27 23:36
新冠單日飆增2萬例！東京醫療將升至最高紅色警戒,Real,國際,2022/7/21 11:08
打過疫苗不怕長新冠？研究揭驚人結果 專家：很失望,Real,國際,2022/5/26 16:49
美國兩任總統確診COVID-19 時空背景大不同,Real,國際,2022/7/22 23:52
費亞拉將獲任命為捷克總理 當務之急是處理疫情,Real,國際,2021/11/28 14:26
韓國COVID-19單日確診和死亡病例 均創紀錄,Real,國際,2021/12/4 20:49
世衛秘書長譚德塞籲 明年終止新冠疫情,Real,國際,2021/12/21 03:28
移轉訂價申報時間 台商要留意各國變化,Real,財經,2022/5/20 15:04
美議員提法案追查疫源 若北京不配合調查就制裁,Real,國際,2022/1/12 11:09
韓國同意採購7萬份輝新冠口服藥療程,Real,國際,2021/11/7 02:51
蝦皮驚見販售打滿3劑小黃卡！標榜真假難辨、快速通關,Real,生活,2022/4/24 11:31
北韓COVID-19疫情未歇 又爆不明腸道傳染病,Real,國際,2022/6/16 12:34
確診逃出荷蘭隔離飯店 被捕伴侶：待遇如狗一般,Real,國際,2021/11/30 11:56
接種疫苗仍染疫 美國民眾抱怨長期後遺症難捱,Real,國際,2022/1/24 16:51
輝瑞疫苗是否供5至11歲童施打 美將召開專家會議,Real,國際,2021/10/26 18:31
拜登COVID-19篩檢仍為陽性 症狀改善持續隔離,Real,國際,2022/8/5 03:38
美6月嬰至5歲幼兒 預計2月21日開打COVID-19疫苗,Real,國際,2022/2/10 15:38
接種疫苗後肩痛不止 恐是旋轉肌腱破裂,Real,健康,2022/8/23 11:46
紐西蘭總理COVID-19篩檢陰性 繼續隔離至2月1日,Real,國際,2022/1/31 09:16
感染新冠後首談病情 英女王：感覺嚴重疲勞,Real,國際,2022/4/11 10:12
世衛：歐洲新冠疫情增溫 距疫情結束路仍長,Real,國際,2021/10/29 03:03
3境外改本土 本土＋18 境外＋61,Real,生活,2022/2/11 14:31
世衛：全球8萬到18萬醫護人員死於新冠肺炎,Real,國際,2021/10/23 04:04
富國1億劑疫苗將到期 英前首相籲速分送給窮國,Real,國際,2021/9/20 10:50
全面提供新冠疫苗第一、二劑預約接種,Real,生活,2021/12/13 15:50
小三通重啟標準 陳時中：第2劑涵蓋率逾6成才討論,Real,生活,2021/11/8 20:19
世衛：全球COVID-19疫情減緩 中東及東南亞除外,Real,國際,2022/6/9 04:07
25歲正妹狂交砲友 規定「每次25分鐘」背後目的曝光,Real,國際,2022/7/30 23:20
世衛組織：富國搶打追加劑 加劇疫苗分配不均,Real,國際,2021/12/23 19:38
台灣友邦巴拉圭總統阿布鐸染疫 症狀溫和隔離中,Real,國際,2022/1/19 05:28
COVID-19攻陷太平洋島國 薩摩亞索羅門延長封城令,Real,國際,2022/1/25 19:18
窮國苦等救命疫苗 美計劃加碼捐贈5億劑,Real,國際,2021/9/22 13:41
莫德納設廠墨爾本 澳洲將取得mRNA疫苗技術,Real,政治圈,2022/8/15 16:50
「神秘肺炎」狂燒增至10例 WHO鎖定1關鍵病源,Real,國際,2022/9/3 19:42
國泰產險移工防疫險獲核准 移工入境確診實支實付最高50萬元,Real,財經,2021/11/19 17:49
Omicron大軍壓境 本土疫情蠢動 名醫疾呼：快做到這4點,Real,健康,2022/1/8 04:43
加州州長紐松確診COVID-19 症狀輕微,Real,國際,2022/5/29 14:05
莫德納2022年Q2再供5千萬劑疫苗 助窮國抗疫,Real,國際,2021/10/30 12:48
韓製疫苗商用化前效果評價 拚2022上半年核准,Real,國際,2021/12/21 14:15
法國大規模研究 接種疫苗重症死亡風險少90％,Real,國際,2021/10/12 13:22
美官員：已交付3.35億劑疫苗給110國,Real,國際,2021/12/18 12:59
境外移入＋5例 無新增死亡,Real,生活,2021/11/24 14:22
不限制類別 民眾滿五個月可打第三劑莫德納,Real,生活,2021/12/10 14:42
COVID病史美國成年人 1／5目前仍受長新冠所苦,Real,國際,2022/6/23 11:13
日本研究 染疫死亡率低可能跟腸道細菌有關,Real,科技,2022/1/9 15:18
巴西總統稱體內抗體高 決定不打疫苗,Real,國際,2021/10/14 09:27
英格蘭單日確診10萬 衛生大臣：新年前防疫不升級,Real,國際,2021/12/28 14:07
金正恩宣布戰勝疫情 北韓解除口罩佩戴令,Real,國際,2022/8/13 12:32
《熱門族群》華邦電明接力法說 DRAM雙雄一起Hihg,Real,財經,2022/5/30 16:38
美國第一夫人吉兒兩次篩檢陰性 將可解隔離,Real,國際,2022/8/22 00:01
日本研究：接種3劑疫苗 預防COVID-19症狀近7成,Real,國際,2022/3/30 12:40
台海大戰關鍵「不是先進武器」 專家：美國追不過大陸,Real,軍事,2022/7/11 11:00
Omicron威脅進逼 美國入境篩檢追蹤未加強引人憂,Real,國際,2021/11/29 11:41
鼓勵長者打疫苗 3/10-4/10地方政府可加碼提供500元內衛教品,Real,財經,2022/3/7 14:39
試用俄製鼻腔式新冠疫苗 普丁：沒不舒服,Real,國際,2021/11/25 14:19
起床驚見「2症狀」小心了 專家：當確診新冠先隔離,Real,國際,2022/7/25 18:04
連兩天COVID檢測陰性 拜登解除隔離,Real,國際,2022/8/7 22:30
緩解COVID-19四大症狀 居家常備藥物清單曝,Real,生活,2022/5/2 09:35
美新「空軍一號」沒法打核戰 外媒曝：只因川普這小要求,Real,國際,2022/6/10 19:06
載3千多人開心出遊 挪威逍遙號郵輪爆10人染疫,Real,國際,2021/12/6 07:22
高雄市＋2592例 BA.5已進入社區流行階段,Real,生活,2022/8/31 18:41
甲安埔幅員遼闊 僅一家公費快篩劑診所,Real,寶島,2022/4/15 12:53
日經11月COVID復甦指數 台灣排第4亞太居冠,Real,國際,2021/12/7 03:17
預防重症 日本批准默沙東COVID-19口服藥,Real,國際,2021/12/24 22:07
猴痘全球炸裂 世衛急喊「一招」防傳染,Real,國際,2022/7/28 18:13
駐泰代表處2名職員確診COVID-19 啟動防疫SOP,Real,國際,2022/2/9 21:04
歐盟藥品管理局：嬌生COVID-19疫苗可用作加強劑,Real,國際,2021/12/15 20:52
百萬美國人染疫逝世 「COVID悲傷」家屬遺恨,Real,國際,2022/5/15 13:25
美食-KY Q3獲利2.7億 突破疫情前水準,Real,財經,2021/11/10 17:45
牛津：供應鏈中斷危機到頂 全面緩解時機在2022年下半年,Real,財經,2021/11/19 20:55
巴西專家：故意感染Omicron恐危及個人及公眾健康,Real,國際,2022/1/20 09:06
澳洲紐西蘭Omicron亞變種入侵 疫情恐升溫,Real,國際,2022/5/9 03:28
新冠輕症也可能有後遺症 研究曝這類人風險最大,Real,國際,2022/1/27 07:01
全球防疫台灣第41名 綠委捐贈新型針具 盼提升疫苗殘劑施打率,Real,政治,2021/9/29 10:51
善用健康存摺4大防疫資訊、即時自主回報,Real,財經,2022/5/9 12:14
新冠後遺症驚人影響 11歲蘿莉暴瘦大變 插鼻胃管進食,Real,國際,2022/2/1 16:49
用鏡頭看台灣》新北Covid-19居家照護關懷中心 保留醫療量能試辦居家照護,Real,生活,2022/4/12 20:35
疫情不會結束？ 專家揭後Omicron新常態「它」是狠角色,Real,國際,2022/4/16 19:20
《半導體》洪志勳掌愛普*總座 高客製化抗不景氣,Real,財經,2022/6/29 08:48
美又增5州發現Omicron 頭號威脅仍是Delta,Real,國際,2021/12/4 11:22
新研究：新冠輕症也可能損及大腦,Real,國際,2022/3/11 11:02
恐怖傳染病導致改朝換代 都怎麼消失的？,Real,政治,2022/2/5 13:41
歐盟延長數位Covid證明效期1年 台疫苗護照續通行,Real,國際,2022/6/14 11:58
COVID-19疫苗強制令奏效 美確診死亡雙降,Real,國際,2021/10/14 12:39
台達電旗下達爾生技 將參與台灣醫療科技展秀防疫實力,Real,財經,2021/12/1 21:26
街頭「大清消」真的有用？ 專家直搖頭曝反而更慘,Real,國際,2022/5/4 00:00
研究：寮國蝙蝠冠狀病毒傳人結構極似COVID,Real,國際,2021/10/15 17:27
APEC領袖宣言 轉移疫苗技術並降低成本以擴大接種,Real,國際,2021/11/13 02:28
拜登聯大演說訴諸團結 強調競爭但不打新冷戰,Real,國際,2021/9/22 02:30
英擴大輝瑞新冠口服藥臨床試驗 受試者上萬人,Real,國際,2022/4/12 15:58
日本單日增逾5萬例COVID-19 沖繩出現BA.2,Real,國際,2022/3/5 18:16
足球巨星梅西曝新冠後遺症：1個多月無法跑步,Real,體育,2022/5/31 15:34
美疾管中心：猴痘非COVID 不易透過空氣傳播,Real,國際,2022/5/25 21:49
東台去年轉虧為盈 EPS為0.68元,Real,財經,2022/3/18 11:42
《生醫股》焦點股：亞諾法,Real,財經,2022/4/4 15:07
柬埔寨防疫兼道德糾察 情人節禁學生校園群聚,Real,國際,2022/2/13 22:32
世衛研究稱非洲恐2/3的人染疫 流感化還不是時候,Real,國際,2022/4/8 12:51
甫訪問加拿大 美國貿易代表戴琪確診COVID-19,Real,國際,2022/7/11 03:25
哥斯大黎加：5歲以上兒童須強制接種新冠疫苗,Real,國際,2021/11/7 12:32
船上再現疫情 美疾管中心調查68艘郵輪,Real,國際,2021/12/28 03:54
拚疫苗覆蓋率！屏東縣府再祭誘因 打疫苗送200元超商禮券,Real,生活,2022/1/6 18:02
拉脫維亞疫情升溫 總統完整接種疫苗仍確診,Real,國際,2021/10/15 07:29
加拿大總理杜魯道確診COVID-19 狀況良好,Real,國際,2022/2/1 03:40
默克藥廠口服抗病毒藥抵台 供重症風險輕中度確診者使用,Real,生活,2022/1/24 14:58
Omicron不亂買氣 美食-KY營收提前重返成長,Real,財經,2022/1/10 17:43
雜誌精選》「防疫保單」爭議大 英文怎麼說？,Real,生活,2022/5/31 09:00
終結新冠疫情 美國宣布5／12舉行全球峰會,Real,國際,2022/4/19 05:54
開全球先河 英國核准莫德納COVID-19二價疫苗,Real,國際,2022/8/15 22:04
莫德納：COVID流感混合追加劑將在2023年底推出,Real,國際,2022/1/18 10:13
美染疫死亡破百萬 最新病毒變種威脅日增,Real,國際,2022/5/5 17:51
WHO悲觀預測：新冠病毒恐再變種「先寄宿動物後傳人」,Real,國際,2022/4/1 14:03
白宮專家佛奇：群體免疫難實現 打疫苗與得病恐不斷輪迴,Real,國際,2022/4/18 17:49
美國COVID-19口服藥發送點倍增 藥局醫院都可領,Real,國際,2022/4/26 20:57
全球疫情線上峰會登場 籌得逾30億美元抗疫新資金,Real,國際,2022/5/13 04:08
比俄烏空軍更慘 「它」宣布損失破百架飛機,Real,國際,2022/5/18 20:55
COVID症狀大致好轉 拜登：身體狀況不錯,Real,國際,2022/7/26 12:05
輝瑞抗疫口服藥Paxlovid 獲歐盟允許緊急使用,Real,國際,2021/12/17 05:43
Omicron新亞變種能避開免疫力 恐帶來新疫情,Real,國際,2022/5/1 23:25
日本斥資333億 採購默沙東抗COVID-19口服藥,Real,國際,2021/11/10 22:45
日本全境COVID-19增近8.5萬例 再創單日新高,Real,國際,2022/1/29 19:37
《生醫股》晟德林榮景：今年現金回流破百億 催生集團獨角獸,Real,財經,2021/11/2 16:14
4國民調 日本高中生最擔憂染COVID-19死亡,Real,國際,2022/6/22 15:31
一招教你在「疫苗地圖」找施打院所、預約第三劑疫苗！,Real,生活,2022/1/10 15:18
俄羅斯新增近3.8萬例COVID-19確診 再創新高紀錄,Real,國際,2021/10/25 18:44
北市8／13開設12處兒童covid-19疫苗接種站 網路開放登記,Real,新消息,2022/7/21 17:29
「與病毒共存」一波三折 新加坡的變與不變,Real,國際,2021/10/27 19:28
澳洲COVID確診住院人數飆升 當局建議採遠距上班,Real,國際,2022/7/20 14:10
休傑克曼染新冠病毒 自稱症狀輕微如感冒,Real,娛樂,2021/12/29 05:31
法國單日新增近50萬例 創疫情爆發以來新高,Real,國際,2022/1/19 05:34
WHA倒數 陳時中投書美媒籲納台實現防疫零缺口,Real,政治,2022/5/14 03:50
最新研究曝1／5新冠患者有後遺症 3大器官恐出問題,Real,國際,2022/5/26 10:28
法國單日染疫人數再創紀錄 夜店延長關閉3週,Real,國際,2021/12/29 20:18
英國研究：普通感冒也可提供部分新冠肺炎保護,Real,國際,2022/1/10 23:03
韓智庫：平壤射彈燒錢192億元 足讓全民打1劑疫苗,Real,國際,2022/6/9 20:15
日本COVID-19連3天新增逾25萬例 連4周居全球之冠,Real,國際,2022/8/21 12:34
法國強推新法抗疫 打疫苗才能領通行證 逾10萬人上街抗議,Real,國際,2022/1/9 05:41
拜登率美國走向「世界大戰」 川普：沒人能阻止我這麼做,Real,國際,2022/6/21 20:33
FDA批准 出生28天以上染疫幼童可服用瑞德西韋,Real,國際,2022/4/26 04:33
巴西施打新冠疫苗追加劑 間隔縮為4個月,Real,國際,2021/12/19 11:33
河內小學生返校 宅在家近一年見面超興奮,Real,國際,2022/4/6 18:48
美FDA審查員：輝瑞5歲以下幼童COVID疫苗安全有效,Real,國際,2022/6/13 14:32
佛奇：Omicron如野火燎原 美國每個人都可能感染,Real,國際,2022/1/12 19:26
英批准輝瑞COVID－19口服藥 染疫初期使用最有效,Real,國際,2021/12/31 22:38
大絕招被外界忽視 CNN：拜登走上災難性「不歸路」,Real,國際,2022/5/5 21:23
近半Omicron病例在非洲 世衛籲富國勿再囤積疫苗,Real,國際,2021/12/9 22:45
艾爾段確診感染Omicron 症狀輕在家工作,Real,國際,2022/2/5 21:58
防範新變種 拜登下令禁南非等8國旅客入美,Real,國際,2021/11/27 05:33
加護病房點蠟燭紀念病逝者 烏克蘭醫院火災釀3死,Real,國際,2021/12/30 08:14
俄烏戰火不熄 2數字曝大陸與美關鍵盟友趁機狂賺,Real,國際,2022/6/1 17:02
開卷書摘》喬科維奇enter成功！學出入境英文,Real,體育,2022/1/11 08:17
鮑爾續掌美國聯準會 防止通膨失控如履薄冰,Real,國際,2021/11/23 08:11
桃園疫情持續延燒 本土病例＋46 境外＋46,Real,生活,2022/1/26 14:30
東京大阪疫情續燒 單日新增病例再分創新高,Real,國際,2022/1/26 18:41
紐約疫情蠢動 市長亞當斯就任百日確診,Real,國際,2022/4/11 08:10
桌球國手林昀儒傳感染新冠肺炎 在桃機採檢陽性,Real,體育,2022/4/2 09:11
以現存疫苗當追加劑 WHO：非解決之道,Real,國際,2022/1/12 08:57
《半導體》力智H2難逃庫存魔咒 外資仍看衰,Real,財經,2022/8/2 11:09
醫護被匡列 人力不夠有解 指揮中心：符合條件可提前召回,Real,生活,2022/3/11 15:31
越南染疫數逾2個月新低 15萬例待清查補登,Real,國際,2021/9/28 23:56
確診幾次才能完全免疫？ 「德版佛奇」一句話解答,Real,國際,2022/5/3 19:24
英過去7天新冠確診 較前周躍增44.4％,Real,國際,2021/12/19 11:32
心悅COVID-19口服抗病毒候選新藥Pentarlandir 二期臨床結果正面,Real,財經,2022/8/1 07:11
寮國振興經濟 9日全面重新開放旅遊,Real,國際,2022/5/8 13:36
新增2例境外移入確診 自美國、緬甸入境,Real,生活,2021/10/21 14:19
世衛：全球防疫計畫ACT-A 未來一年需6570億,Real,國際,2021/10/29 13:15
疫情再炸彰化新增4確診 彰化市緊急大清消,Real,生活,2022/4/1 15:01
疫苗命名學問大,Real,專題周報,2022/1/23 04:10
提早放暑假？遊戲股辣椒、華義、昱泉漲停,Real,財經,2022/5/25 15:02
羽球一哥周天成返台 落地採檢陽性後送隔離,Real,體育,2022/4/6 12:19
Omicron壓境 紐約市確診率3天內翻倍,Real,國際,2021/12/17 09:51
世衛：防疫物資已送抵北韓 留在南浦港隔離中,Real,國際,2021/10/7 22:39
英單日新增病例破10萬 5到11歲兒童准打輝瑞,Real,國際,2021/12/23 11:41
快篩實名制15日開賣 投縣衛生局籲提早準備,Real,生活,2022/8/14 14:43
慧榮贊助COVID-19快篩試劑 助七家社福機構抗疫,Real,財經,2022/5/27 21:34
大馬前首相馬哈地染疫住院5天 返家繼續隔離,Real,國際,2022/9/4 17:49
桃園高雄疫情兩頭燒 本土＋21 境外＋43,Real,生活,2022/1/27 14:40
忘關麥自曝殺人剛判無期徒刑 美富豪傳染新冠病重,Real,國際,2021/10/17 12:27
世衛成立新專家小組 官員：恐是疫情溯源最後機會,Real,國際,2021/10/14 07:15
疫情趨緩 北市18至31日開放高中以下校園,Real,新消息,2022/7/15 16:13
保護幼兒遠離染疫風險 營養師大推：每日這樣吃！,Real,健康,2022/4/20 11:46
東京新增近7000例COVID-19 沖繩疫情持續嚴峻,Real,國際,2022/4/16 18:41
世衛：Omicron亞型現蹤57國 鬆懈防疫還太早,Real,國際,2022/2/2 13:18
挪威國王哈拉德確診COVID-19 症狀輕微休養數日,Real,國際,2022/3/22 22:48
《興櫃股》安盛生抗原家用快篩 揪出COVID-19全球主流株BA.5,Real,財經,2022/10/3 10:38
六角8月營收年增26.66％ 創近20個月來新高,Real,財經,2022/9/7 15:24
金管會核准國泰產險移工防疫保險商品,Real,財經,2021/11/19 21:15
21日起前往八大場所應出示完整接種疫苗紀錄,Real,生活,2022/1/20 14:40
應對疫情表現不佳 美國疾管局將結構改革,Real,國際,2022/8/18 17:30
英研究：Omicron造成長新冠機率低於其他變異株,Real,國際,2022/6/17 23:11
輝瑞：5歲以下幼童接種3劑BNT疫苗 保護力達80％,Real,生活,2022/5/23 22:50
法國增約8.8萬例確診破國內紀錄 病故人數也攀升,Real,國際,2021/12/24 03:55
CNN：拜登正進行「史上最愚蠢的戰鬥」,Real,國際,2022/5/18 17:22
病床不敷使用 大阪發布非常事態盼確保醫療量能,Real,國際,2022/2/8 19:02
「COVID是政府要殺人」格鬥女子冠軍提陰謀論,Real,體育,2022/1/29 12:09
四方安全對話首贈疫苗 柬埔寨獲32.5萬劑,Real,國際,2022/4/13 11:59
寮國蝙蝠冠狀病毒極似COVID-19 曾送到武漢研究,Real,國際,2021/11/24 22:26
澳研議解除防疫禁令 讓COVID-19流感化,Real,國際,2022/3/12 17:02
感染源不明 本土確診+1 境外+74,Real,生活,2022/3/18 15:18
本土居隔陰轉陽＋5 境外＋66,Real,生活,2022/3/3 14:29
佛道雙修協會增15例 本土＋16 境外＋51,Real,生活,2022/2/18 14:47
巴西鬆綁入境規定 未接種新冠疫苗無須隔離,Real,國際,2022/4/5 10:06
議會暫擱熊好券2.0預算 柯文哲：會採多元發放方式,Real,udn,2022/9/27 18:55
亞太傳統藝術節登場 展現國際合作藝術風貌,Real,udn,2022/10/1 17:15
機師工會：全面解封0+7 機組人員外站不應繼續遭拘禁,Real,udn,2022/9/22 13:36
「0+7」備600萬劑快篩用到年底 王必勝坦言最怕外國人這件事,Real,udn,2022/9/22 15:03
香港：入境至少打兩劑 才獲發臨時疫苗通行證,Real,udn,2022/9/17 19:54
防疫雙險理賠總額達1135億元 已有五家產險業增資,Real,udn,2022/10/4 18:24
苗栗縣新增902例  次世代雙價疫苗第二階段今起施打,Real,udn,2022/10/3 13:33
國慶出遊 國1南下新營服務區今有免費視障按摩服務,Real,udn,2022/10/8 12:48
竹縣+1495 本周五、六 中興里及婦幼館增設社區接種站,Real,udn,2022/10/5 14:22
中共中央黨校成立「國際傳播研究中心」 搶國際話語權,Real,udn,2022/10/3 14:07
北京馬拉松11月恢復舉辦 民眾期待防疫鬆綁,Real,udn,2022/10/3 22:52
本土確診39330例 又一批雙價疫苗抵台,Real,udn,2022/9/18 17:34
後疫情新富 瑞士信貸銀行：富豪數跳增但不均加劇,Real,udn,2022/9/21 20:20
上趙少康節目…柯志恩笑稱參選遇困難 「經典口號都被韓國瑜喊完了」,Real,udn,2022/9/23 13:37
中國清零政策20大後難告終  恐延至2023上半年,Real,udn,2022/10/7 14:19
香港入境檢疫0+3 羅一鈞：比台灣0+7更嚴,Real,udn,2022/9/26 19:00
中共國慶前夕 台灣民間團體籲抵抗中國威權擴張,Real,udn,2022/9/30 13:07
大陸研發mRNA疫苗臨床實驗中 首獲印尼緊急使用授權,Real,udn,2022/9/30 15:00
13日國境解封 蘇貞昌：隨時檢討入境觀光團防疫指引,Real,udn,2022/10/3 11:31
高中職生飲酒比例達3成 自己買或家人提供占7成,Real,udn,2022/10/6 12:56
中國十一假期多地遊客如織 疫情是否升溫受矚,Real,udn,2022/10/3 11:53
入境確診醫療費 研議保險支付,Real,udn,2022/10/2 03:09
第二批Novavax今抵台 為COVAX配發共50.4萬劑,Real,udn,2022/9/22 14:14
友情再升溫！日台交流協會拜會竹縣 促產業文化交流,Real,udn,2022/9/28 13:26
商業興觀點／社群媒體 星企首選銷售管道,Real,udn,2022/9/26 23:20
金門沖繩共尋風獅爺招福獅 年底擬開啟包機直航,Real,udn,2022/9/21 15:05
美國3碼為何台灣僅升息半碼？央行理事會決議搶先看,Real,udn,2022/9/22 17:20
搭自主學習風潮 教育部將126冊新住民語教材上網,Real,udn,2022/9/21 12:48
邊境「0+7」將上路 台中昨1.5萬人搶打次世代疫苗,Real,udn,2022/9/27 11:19
獨／學校發陸製快篩供生返家自篩 一查竟未獲專案核准,Real,udn,2022/10/2 10:42
入境0+7最快10月13日上路 29日起取消PCR改快篩,Real,udn,2022/9/23 02:40
何時恢復正常生活？陸CDC：需最後10%民眾完成疫苗接種,Real,udn,2022/9/22 20:11
嘉義縣55至64歲原住民 免費領5劑快篩,Real,udn,2022/9/27 14:50
邊境管制周四放寬 蘇揆指示做好事前盤點和準備,Real,udn,2022/9/26 11:11
拚選舉罔顧幼兒健康？萬美玲：市長要為打錯疫苗道歉,Real,udn,2022/10/7 13:23
玉里醫院隔離 爆數人關同房,Real,udn,2022/9/29 03:01
嘉義市加碼自購流感疫苗 這3類市民也能免費打,Real,udn,2022/9/27 11:11
王必勝：疫情現在就是高峰 「口罩自主」待疫情穩定再討論,Real,udn,2022/10/5 14:29
7月大女嬰染疫 發病4天亡,Real,udn,2022/9/27 02:12
何時入境免隔離？蘇貞昌：確定後提前宣布 讓各行各業有時間準備,Real,udn,2022/9/21 09:29
中華電攜AWS助力高雄亞灣 加速雲端5G AIoT創新發展,Real,udn,2022/9/26 18:21
中國偷渡客魂斷柬埔寨 經濟影響生計挺而走險,Real,udn,2022/9/24 14:21
頒發SUPER教師獎 潘文忠承諾續推行政減量,Real,udn,2022/9/24 11:27
基因強？BA.5疫情也未染疫 黃立民：天選之人僅3%,Real,udn,2022/9/26 18:13
中重症211例、57死 1歲男童確診3天歿 兒童MIS-C再增1例,Real,udn,2022/10/6 14:10
X-PITCH 2022全球150強出爐AI最夯 11月1日半準決賽,Real,udn,2022/9/24 19:21
「殺雞用牛刀」內蒙書記：阻止疫情外溢到北京,Real,udn,2022/10/3 14:25
單日再破5萬例 轉折點估在下旬,Real,udn,2022/10/8 02:58
指揮中心遭控合法貪瀆70億 莊人祥：嚴正駁斥莫須有指控,Real,udn,2022/9/20 14:29
中國海南才宣布社會面清零 又發現新增本土確診,Real,udn,2022/9/19 13:00
高端疫苗報銷逾5億 民眾黨喊話綠營共同審視高端合約,Real,udn,2022/10/1 13:43
全台專責加護病房 空床率不到3成,Real,udn,2022/10/9 03:13
日本擬修法 業者可拒絕不戴口罩旅客投宿,Real,udn,2022/9/21 16:05
美股道瓊再漲825點  創兩年半來最佳雙日表現,Real,udn,2022/10/5 06:15
憂新冠、流感夾擊 藍：快買2合1快篩,Real,udn,2022/10/4 01:27
應對中國威脅  唐鳳：建設備用衛星網路保不斷訊,Real,udn,2022/9/27 14:34
整理包／邊境二階解封！9/29起3+4、10/13起0+7上路 實施細節一次看,Real,udn,2022/9/22 18:24
桌球／不敵新加坡 世界團體錦標賽中華男團無緣十六強,Real,udn,2022/10/3 13:48
邊境將解封？ 柯文哲：不能寫SOP的都是屁話,Real,udn,2022/9/23 10:44
從高歌猛進到穩字當頭 內憂外患夾擊中國經濟,Real,udn,2022/10/8 11:44
確診人數多4行業縮短輪班間隔延至年底 影響49萬人,Real,udn,2022/10/4 18:10
直播／仍在高原期！今增49509例本土、65例境外 31例病歿,Real,udn,2022/10/4 10:25
新冠肺炎BA.5飆占八成 現首例兒童腦炎,Real,udn,2022/9/26 14:18
金融中心上海陸家嘴 1例無症狀感染者封全區,Real,udn,2022/9/29 16:54
許舒博指王必勝致電將開國門 王澄清：是密集討論,Real,udn,2022/9/20 16:06
復活節島森林大火 摩艾石像燒到焦黑,Real,udn,2022/10/7 09:28
國境開放立委促指揮中心解散 蘇貞昌：仍有任務在身,Real,udn,2022/9/30 09:31
直播／今增44500例本土 境外247例 33病歿,Real,udn,2022/9/20 10:15
學者建議：無症狀接觸者免隔離、10月中有條件入境0+0,Real,udn,2022/9/28 13:32
"直播／本土+46,673、境外+229 增39人病歿",Real,udn,2022/9/21 10:08
台南魚頭君TAIWAN PLUS人氣旺 吸引日本遊客拍照,Real,udn,2022/9/18 08:34
邊境鬆綁下一步？專家建議：只通報重症不強制戴口罩,Real,udn,2022/9/21 19:55
本土+4萬4467 境外+67 死亡+76 共12縣市破千例,Real,udn,2022/10/8 14:07
藥局稱口服藥存量告急 指揮中心：庫存充足 可提出需求,Real,udn,2022/9/28 15:22
女童確診後3週高燒不退！一量血壓母嚇壞  醫曝病症主因,Real,udn,2022/9/23 11:07
羽球／婕斯羽你同行分齡賽 盼將羽球打成第2國球,Real,udn,2022/10/8 12:18
延長外來人口留台期限 移民署強調：請預作行程安排,Real,udn,2022/10/5 14:25
泳渡日月潭後確診 馬英九康復,Real,udn,2022/9/20 01:20
日本10月11日開放免簽自由行,Real,udn,2022/9/23 00:50
打高端疫苗赴日本 須先自費PCR,Real,udn,2022/9/24 02:06
新冠四類疫苗！新北7、8期今開放預約 一表看誰能打,Real,udn,2022/10/5 10:42
莫德納次世代雙價疫苗2階段開打 基隆周六日設大型接種站,Real,udn,2022/9/22 16:54
中職／吉力吉撈4戰3轟助龍4連勝 本季10轟逼近全壘打王,Real,udn,2022/9/29 23:06
入境檢疫0+7可望提前「最快10月上旬」 一表看亞太各國防疫入境管理措施,Real,udn,2022/9/22 02:57
北市議會要求檢討公車票價分擔 新北：若提案再談,Real,udn,2022/9/21 22:06
指揮中心等明年6月退場？王必勝曝達4條件才降級解散,Real,udn,2022/9/30 15:00
因應郵輪群聚感染靠港 日本政府擬修法代管港灣,Real,udn,2022/9/28 18:01
苗縣+1106 新冠死亡65歲以上占88％,Real,udn,2022/9/21 16:53
新竹縣+1416 周日13衛所加開莫德納次世代雙價疫苗專診,Real,udn,2022/9/21 15:35
醫衛局長：港府研入境檢疫改為「0+7」方案 11月或鬆綁,Real,udn,2022/9/18 14:17
泰國將結束新冠緊急狀態 觀光客下月起不須疫苗證明,Real,udn,2022/9/23 15:09
自購疫苗比均價貴70億！蔣萬安批「民進黨小弟」 王必勝反駁了,Real,udn,2022/9/22 15:14
3友邦ICAO年會發聲 籲讓台灣有意義參與,Real,udn,2022/10/5 09:54
立委批「政治防疫」 籲政府盡速研議將新冠降為第4類,Real,udn,2022/9/24 10:57
中市開設嬰幼兒疫苗快打站 10月8、9日接種,Real,udn,2022/10/7 14:54
"直播／較上周下降6.8% 今增本土42,212例、59病歿",Real,udn,2022/9/22 14:03
華航首架皮卡丘彩繪機台北飛東京 首航客喊好幸運,Real,udn,2022/10/2 22:10
大缺工人難請！友通持續投資高精密製造,Real,udn,2022/10/5 16:48
搶攻年底高端商機 Club Med推『北海道全包粉雪假期』,Real,udn,2022/10/4 11:50
OPEC+同意大幅減產 拜登表失望批短視近利,Real,udn,2022/10/6 01:38
桃園第二階段莫德納次世代雙價疫苗 免預約開打,Real,udn,2022/10/3 15:06
口罩禁令要到明年3月才調整？王必勝：應該不會這麼久,Real,udn,2022/9/23 14:37
擺脫疫情陰霾 F1新加坡大獎賽30日熱鬧登場,Real,udn,2022/9/27 20:26
降低對中依賴 小摩：2025年iPhone有四分之一產自印度,Real,udn,2022/9/22 21:10
嘉義8旬老翁膀胱清出近千顆結石 連醫護都驚呆,Real,udn,2022/9/18 12:17
南韓宣布下週一起室外免戴口罩 台網友狂刷「二字」敲碗等,Real,udn,2022/9/23 11:35
陳時中競總大會挨批「謀財害命」 蘇貞昌：有天理嗎？,Real,udn,2022/10/1 16:49
崇越郭智輝：半導體明年轉強 台積電10年內無敵手,Real,udn,2022/9/27 22:54
新加坡鬆綁室內口罩令 近日確診案例增近4成,Real,udn,2022/9/30 21:18
獨／開邊境準備好了？入境健康聲明停留舊制民眾霧煞煞,Real,udn,2022/9/21 21:17
桃園+4091守護市民心理健康 補助心理諮商每次2000元,Real,udn,2022/9/20 15:37
南韓譴責北韓連日射彈 憂採取第7次核試,Real,udn,2022/10/4 11:12
越南海防市：台資帶來近萬職缺  盼科技業續進駐,Real,udn,2022/10/1 16:03
監委調查恩恩案 劉和然21日赴監院說明,Real,udn,2022/9/22 10:36
COVID-19未歇又將流感季 指揮中心籲有症狀先快篩,Real,udn,2022/9/20 16:58
烏克蘭戰爭與氣候變遷影響 全球分裂風險恐加劇,Real,udn,2022/9/21 14:16
圓點奈米三大營運動能帶動 後續成長可期,Real,udn,2022/9/26 09:33
新聞眼／指揮中心畏首畏尾 專業被架空,Real,udn,2022/9/22 03:04
衰退恐慌再襲 美股道瓊指數跌486點瀕臨熊市,Real,udn,2022/9/24 08:40
黑龍江疫情復燃 陸專家稱今冬恐爆第6波大流行,Real,udn,2022/9/24 11:59
民眾黨稱財政缺口1.2兆 財部提7點聲明澄清,Real,udn,2022/9/29 20:58
本土增4萬4500例 莊人祥：較上周降4.9%,Real,udn,2022/9/20 14:10
通膨數據難看 美國聯準會本週勢將再度大幅升息,Real,udn,2022/9/18 18:21
苗栗縣今新增709例 Moderna次世代雙價疫苗周六到貨,Real,udn,2022/9/19 14:36
影／口罩令何時解封？李秉穎：新冠威脅小於流感應該就可以,Real,udn,2022/9/29 10:04
圖表／滾動調整每周都有變化！最新防疫規定整理看這裡（持續更新）,Real,udn,2022/9/30 15:57
文旦柚等水果好吃 易與6大藥物產生交互作用 影響代謝,Real,udn,2022/9/23 12:29
東京上野2022 Taiwan Plus「台南觀光展攤」落幕,Real,udn,2022/9/19 15:59
天下永續公民獎出爐  龍巖五度獲小巨人獎,Real,udn,2022/9/19 18:58
駐美處賀國慶 波頓到場致意裴洛西致函恭賀,Real,udn,2022/10/6 11:16
校園防疫放寬 「變相要學生打3劑」,Real,udn,2022/10/7 04:06
侯友宜指疫情有上升趨勢 次世代雙價疫苗3類人今起預約,Real,udn,2022/9/21 09:56
政府採購疫苗被質疑買貴 綠委：忽略當時時空背景,Real,udn,2022/9/20 13:51
香港日增5687確診病例  官員指疫情回穩,Real,udn,2022/9/21 17:55
致死率隔1個月「再降萬分之1」 羅一鈞曝這年齡層下降最多,Real,udn,2022/9/23 15:02
聯合國大會總辯論展開  3友邦敦促聯合國接納台灣,Real,udn,2022/9/21 09:06
全球能源價格上漲 中國承認輸入性通膨壓力增大,Real,udn,2022/9/29 16:34
不只台灣維持「口罩禁令」 王必勝：日、美、新加坡都有,Real,udn,2022/9/22 14:34
義大利總理熱門人選梅洛尼：當選後加強與台灣合作,Real,udn,2022/9/23 11:24
疫苗救濟要審10年才能審完 蘇貞昌允諾加快、加速審查,Real,udn,2022/9/27 10:31
獨／你出國他們好羨慕 疾管署全員禁出國到明年3月,Real,udn,2022/9/25 14:35
陳秀熙建議 65歲以下打3劑染疫輕症者居隔可縮為3天,Real,udn,2022/10/5 11:18
中重症增149例！2歲女童確診5周後「嘔吐草莓舌」引發MIS-C,Real,udn,2022/9/30 14:09
西螺果菜批發市場轉型 農委會允諾予以支持,Real,udn,2022/9/26 16:06
團客指引出爐？ 王必勝：明政院將再開會決定具體內容,Real,udn,2022/9/26 14:48
電電公會率團抵越南考察 盼建立ICT產業鏈,Real,udn,2022/9/26 09:49
華航開闢峴港直飛 越南：將為入境旅客創造便利,Real,udn,2022/10/6 20:01
上任百日  港特首李家超：抗疫措施欲速則不達,Real,udn,2022/10/8 16:53
波士頓駐處攜手哈佛 合辦台美經貿展望研討會,Real,udn,2022/10/4 08:01
影／次世代疫苗擴大18歲以上可接種 下周二開打,Real,udn,2022/10/5 14:19
東螺溪戀戀欒樹節浪漫登場 水環境整治今年底起步走,Real,udn,2022/9/24 14:11
UPS在台推UPS尊榮服務 開創關鍵醫藥包裹遞送,Real,udn,2022/10/5 14:41
日相岸田文雄聯合國大會演說批俄動搖國際秩序 呼籲聯合國改革,Real,udn,2022/9/21 14:10
泰、韓、加解封 國門大開,Real,udn,2022/10/2 02:16
「世界上沒有一百分的政府」 蘇揆報告悼染疫死者,Real,udn,2022/9/28 02:15
走向自主防疫 多項配套一問三不知,Real,udn,2022/9/23 02:39
苗縣+1155 人口占比確診率27.95%,Real,udn,2022/10/8 12:05
無薪假1.7萬人 製造業近600人最多,Real,udn,2022/9/26 11:38
10月13日開國門陸客能來台？指揮中心：待陸委會規畫,Real,udn,2022/9/22 14:48
何時解除口罩禁令 衛福部長：流感季節最好還是戴口罩,Real,udn,2022/9/27 10:02
逐步解封「免疫負債」將反撲？ 王必勝：口罩沒戴好更嚴重,Real,udn,2022/9/30 15:51
世衛輕忽疫情 9成國家生活品質下降,Real,udn,2022/9/19 12:43
遭疑公務預算增加數倍 政院：顯屬誤解 並非事實,Real,udn,2022/10/3 21:06
英媒登王國材專文：對中磕頭排除台灣 危害全球飛安,Real,udn,2022/10/6 18:38
入境「0+7」擬10月13日上路 工商業界：有助經濟復甦,Real,udn,2022/9/22 15:06
國境下周解封 蘇揆指示精進入境團體旅遊指引,Real,udn,2022/10/3 11:28
防疫旅館轉換一般旅館空窗期 王國材：正研擬補貼方案,Real,udn,2022/9/27 09:35
蔣萬安指「民進黨小弟」 陳時中：以黑道形容不道德,Real,udn,2022/9/23 12:32
台東強震重創觀光 縣府提撥1000萬旅遊補助,Real,udn,2022/9/21 14:19
放寬地攤管制 分析：上海試圖疫後自救經濟,Real,udn,2022/9/28 18:03
香港新增5387例COVID-19確診,Real,udn,2022/9/23 17:48
研究：COVID-19疫苗確實可能讓女性經期大亂,Real,udn,2022/9/28 16:48
聯大總辯論史瓦帝尼、帛琉接力發聲 挺台灣參與,Real,udn,2022/9/22 10:30
駐愛爾蘭代表處國慶酒會 彰顯台灣堅守自由民主,Real,udn,2022/10/5 08:38
團客指引擬定 同行者快篩陰行程照走,Real,udn,2022/9/28 14:40
香港部份社交距離措施未放寬 限聚令維持4人,Real,udn,2022/10/1 13:17
南投次世代疫苗開打 亂成一團,Real,udn,2022/9/26 00:30
國際人權博物館聯盟年會 台灣人權工作受注目,Real,udn,2022/9/22 08:59
罕見！ 11歲男童確診發病MIS-C隔125天 再創我國最久紀錄,Real,udn,2022/10/7 14:13
台灣爭取參與聯合國 聯大總辯論9友邦聲援,Real,udn,2022/9/24 10:51
當局清零噴消毒劑 新疆至少13維族村民中毒身亡,Real,udn,2022/10/4 20:19
香港實施0+3 專家：仍落後海外恐損本土經濟,Real,udn,2022/9/24 18:36
環保署將上Podcast說故事 帶親子學習環境教育,Real,udn,2022/10/4 13:58
莫德納次世代疫苗昨開打！4469人接種 今再78萬劑到貨,Real,udn,2022/9/25 14:14
第4劑打高端？醫分析mRNA效果最優、諾瓦瓦克斯次之,Real,udn,2022/9/21 14:02
評／即將開放外國觀光客來台 口罩禁令靠勸導真的夠力嗎？,Real,udn,2022/9/29 16:56
苗栗+1094 縣府：地震逃生不得已離開隔離處所行為不罰,Real,udn,2022/9/20 13:53
疫情近3年志工流失逾半 醫院出招召喚人氣,Real,udn,2022/10/7 12:53
拜登指美國「疫情結束」 莊人祥：緊急狀態可能會再延長,Real,udn,2022/9/20 14:53
台灣選情冷「論文門大亂鬥」 游盈隆：疫情嚴重、政黨失能,Real,udn,2022/9/25 12:29
十一長假疫情反撲 上海各區執行全員核酸篩查,Real,udn,2022/10/6 15:09
疫後出國潮…0+7才公布 旅行社電話接不完,Real,udn,2022/9/23 03:11
「0+7」規畫將公布 王必勝：10月中旬以前 最晚10月15日,Real,udn,2022/9/22 08:44
台股量縮逾3成 金管會：去年高基期所致,Real,udn,2022/9/27 20:20
相依為命家人遭巨變 台南民代媒合愛心助2弱勢童挺難關,Real,udn,2022/10/5 13:25
中共國慶 暴政受害者齊聚巴黎怒控「黑暗之日」,Real,udn,2022/10/2 08:41
高雄展覽館明同步施打公費流感疫苗及次世代莫德納疫苗,Real,udn,2022/9/30 20:46
南投世界茶業博覽會開幕 林明溱：歡迎來找好茶,Real,udn,2022/10/8 19:24
「0+7」最快實施時間曝光 觀光局將同步解除禁團令,Real,udn,2022/9/22 11:51
移工入境0+7自主防疫期 雇主仍應給薪,Real,udn,2022/10/7 16:41
光宣傳費就燒7億 王必勝「提七點」稱指揮中心關不得,Real,udn,2022/10/3 14:36
澳洲10月14日防疫解禁 確診不需強制居隔5天,Real,udn,2022/9/30 19:53
疫情略升溫 行政院：邊境開放、0+7政策13日上路不變,Real,udn,2022/10/6 11:08
台南限制外送員工時上限12小時 外送員罵翻影響生計,Real,udn,2022/9/30 18:10
陸CDC專家預言 今冬全球將出現第六波新冠疫情大流行,Real,udn,2022/9/24 15:27
桃機明實施第一階段邊境放寬措施 入境改發4劑快篩,Real,udn,2022/9/28 19:46
中央將推0+7政策 新北估影響防疫旅館業者經營意願,Real,udn,2022/9/23 15:01
駐以色列代表會特拉維夫市長 期強化雙邊城市交流,Real,udn,2022/9/21 15:07
0+7自主防疫期禁陪、探病 可允許3特殊狀況,Real,udn,2022/9/29 16:51
獨／增購40萬劑公費流感疫苗 50到64歲接種率最堪憂,Real,udn,2022/9/25 13:40
中國新增970例本土病例 加碼防疫仍難禁絕,Real,udn,2022/10/5 11:36
苗縣+1148例 雙十連假加開假日流感及新冠疫苗施打專診,Real,udn,2022/10/6 15:54
友通：歐美新基建需求旺 新廠產能可用到2025年,Real,udn,2022/10/5 12:47
合理化不人道隔離？玉里院方vs住民員工發聲明隔空激辯,Real,udn,2022/10/2 18:35
直播／今本土+39769 境外+256 病歿+41 指揮中心：往好的方向,Real,udn,2022/9/23 14:02
川普強生式微、梅洛尼崛起 民粹未死而是進化,Real,udn,2022/9/26 15:42
台南+3535 疫情升溫 18至49歲可預約莫德納次世代疫苗,Real,udn,2022/10/7 20:49
莫德納次世代雙價疫苗 彰化縣10月8日起受理線上預約,Real,udn,2022/10/6 16:01
經濟學人：挾邏輯晶片優勢 台積電料將超越三星,Real,udn,2022/9/30 22:55
各國陸續開放旅遊 Agoda執行長：亞洲要恢復疫前水準需2年,Real,udn,2022/9/20 21:19
邊境將解封 薛瑞元：民眾別誤以為本土疫情結束,Real,udn,2022/10/4 10:47
打高端赴日需先自費PCR 黃珊珊批政府該先和國人道歉,Real,udn,2022/9/24 11:15
入境分兩階段開放 蔡總統：全力重振觀光刺激經濟,Real,udn,2022/9/22 21:13
中國清零政策削弱歐企信心 歐盟商會示警,Real,udn,2022/9/21 16:30
中日建交將屆50週年 民調：僅6%滿意中日關係,Real,udn,2022/9/21 22:55
獨／玉里醫院遭控把人當畜生關 中央：作法有超出指引,Real,udn,2022/9/28 15:03
彰化最幸福的村在這裡 重陽禮金健保補助都加碼,Real,udn,2022/9/23 12:15
待「0+7」上路後 王必勝：防疫旅館最快10月19日全數退場,Real,udn,2022/9/29 14:50
此波疫情高峰將至？王必勝：本周三或下周三達高峰5萬,Real,udn,2022/9/19 14:45
BA.5疫苗…日本將開打 我還在審,Real,udn,2022/10/7 04:08
指揮中心預算遭質疑為2024綁樁 蘇貞昌盼外界不要扭曲,Real,udn,2022/10/3 10:27
香港今增3529例確診者  移入病例增多,Real,udn,2022/10/3 17:53
疫情仍在高原期 確診幼兒出現這些症狀快送醫,Real,udn,2022/10/8 14:58
機組員喊鬆綁 下周一討論,Real,udn,2022/9/23 03:03
流感、新冠疫苗可施打不同部位 預估秋冬進入流感期,Real,udn,2022/10/3 16:44
澳門11月解封？ 將恢復大陸旅行團赴澳旅遊及電子簽註,Real,udn,2022/9/24 17:02
穆迪維持我國國家主權評等為Aa3 肯定央行貨幣政策表現,Real,udn,2022/9/22 19:37
外交部：9月29日起免簽國民得以免簽證方式入境 隔離維持3+4,Real,udn,2022/9/22 17:51
桃園關懷包明天起多加1劑快篩 30日設14處疫苗站,Real,udn,2022/9/28 16:00
日本開放未認證高端 蘇貞昌：台灣是少數能做疫苗國家,Real,udn,2022/9/25 16:07
陳建仁：台灣抗疫典範 首劑疫苗覆蓋率名列前茅,Real,udn,2022/9/21 13:49
10月底開放邊境？蘇貞昌：由指揮中心宣布,Real,udn,2022/9/19 13:57
境外生入境0+7可否入班上課？ 王必勝：尚未定案,Real,udn,2022/9/30 20:34
憂新冠、流感再起 國民黨團籲超前部署2合1篩檢試劑,Real,udn,2022/10/3 10:32
日本研究孕婦接種COVID-19疫苗 胎兒可獲抗體,Real,udn,2022/9/18 16:30
2.4萬房防疫旅館10月13日全退場 每房將一次性補助5千元,Real,udn,2022/9/29 13:44
持3期臨床試驗才能申請正式藥證 王必勝：高端目前尚無,Real,udn,2022/10/1 12:00
獨／同步0+7上路時間 機組員外站最快10月13日將重獲自由,Real,udn,2022/9/23 22:32
王國材投書外交家雜誌 籲ICAO重新連結台灣,Real,udn,2022/9/28 08:50
高市議會通過公債條例 估撙節利息4.11億,Real,udn,2022/9/30 18:55
宜居沖繩正夯！為何它是日本唯一人口成長？,Real,udn,2022/9/26 09:51
邊境鬆綁近在眼前！網友熱議5大QA懶人包一次看,Real,udn,2022/10/8 07:42
OECD預測韓國2022年物價漲幅5.2% 創24年新高,Real,udn,2022/9/19 17:37
內外資看淡筆電需求 今年出貨恐衰退逾2成,Real,udn,2022/10/2 10:35
永豐多幣金融卡 海外消費好康多,Real,udn,2022/9/27 00:06
拜登稱疫情結束 公衛界與主流美媒齊反彈,Real,udn,2022/9/20 10:53
加拿大醫療系統快崩潰 加媒呼籲向台灣取經,Real,udn,2022/9/29 16:37
清冠一號公費適用對象擴大納產婦 孕婦、兒童再研議,Real,udn,2022/10/7 18:47
陳秀熙：監測COVID-19思維應改變 著重中重症,Real,udn,2022/9/28 13:10
登革熱仍處高原期 南市環保局提醒這幾區卵粒數仍偏高,Real,udn,2022/10/8 13:49
流感季來臨 羅一鈞：感染新冠後不會更容易感染流感,Real,udn,2022/10/3 14:54
熱議題／邊境解封4缺 業者憂亂3個月,Real,udn,2022/9/18 03:02
邊境「0＋7」將解封 醫：健康自己顧4大提醒,Real,udn,2022/9/23 13:13
吸引遠距工作人士！ 西班牙推動「數位游牧簽證」 最長效期5年,Real,udn,2022/9/26 10:34
嚴守醫院2／邊境解封醫護仍難出國 盼訂下最低戰備量,Real,udn,2022/10/8 21:32
整理包／10月13日起「0+7」！圖解「下機→入境大廳」怎麼走 機場通關不知不可,Real,udn,2022/9/30 10:56
口罩禁令何時解？王必勝：目前無具體討論,Real,udn,2022/9/22 12:15
指揮中心：兩階段鬆綁邊境管制 最快10月13日實施「0+7」,Real,udn,2022/9/22 15:39
產險業掀三度增資潮？ 金管會：關注BA.5傳染力,Real,udn,2022/9/29 12:34
日相岸田文雄：10月11日起開放自由行、入境無上限,Real,udn,2022/9/22 22:42
防疫旅館退場 每房補助5千元,Real,udn,2022/9/30 03:23
過年回不回鄉寫成詩 國中師拿教育部文藝創作獎,Real,udn,2022/10/4 21:27
第4批莫德納次世代疫苗到貨 60.5萬劑上午抵台,Real,udn,2022/9/29 14:08
世衛組織：新冠病毒大流行結束「在望」,Real,udn,2022/9/18 17:13
苗縣+1077...衛生局10月1日七大鄉鎮市設大型接種站,Real,udn,2022/9/27 14:28
中共20大 分析：習近平將建成絕對權力控制體系,Real,udn,2022/9/22 15:03
汙水再生供應半導體 台南安平再生水南科配水池將完工,Real,udn,2022/9/27 13:27
十一假期 中國部分地區再現加碼防疫,Real,udn,2022/10/4 17:10
入境0+7時間確定了！ 蘇揆透露明日將對外宣布,Real,udn,2022/9/28 11:06
來台團客「不用導遊檢查快篩」？ 王必勝：跟交通部沒有不同調,Real,udn,2022/9/30 14:38
行銷線上／OMO全通路經營 三關鍵策略,Real,udn,2022/9/26 23:20
粉紅超跑白沙屯媽祖鳳山遶境駐駕 陳其邁迎接,Real,udn,2022/9/17 21:11
美國航艦雷根號將訪韓國 2018年以來首見,Real,udn,2022/9/19 21:04
獨／解封出國竟要報總院長同意 醫護怒曝成次等公民,Real,udn,2022/10/5 14:33
指揮中心、觀光局邊境解封「不同調」 薛瑞元這麼說,Real,udn,2022/10/1 12:08
高雄+3121！6日至15日開設11場「雙疫苗」接種站,Real,udn,2022/10/3 19:34
台灣國境將開放 蘇貞昌歡迎國際朋友前來共見美好,Real,udn,2022/10/3 16:24
國境解封後指揮中心退場？ 薛瑞元曝「2原因」：可能沒這麼快,Real,udn,2022/9/30 10:10
傳中國資深媒體人發難 撰文反對全民核酸及清零,Real,udn,2022/9/20 21:34
中職／范米特優質先發領軍 悍將3連勝送病貓4連敗,Real,udn,2022/9/22 21:58
蘇貞昌第4劑打高端不選莫德納次世代 王必勝：有保護力證據,Real,udn,2022/9/21 14:37
日華懇19名成員10/8訪台 預定拜會蔡總統,Real,udn,2022/10/5 18:39
香港研究：COVID-19口服藥可降低死亡風險,Real,udn,2022/10/7 13:56
影／國門將重啟 民進黨團：防疫成績有目共睹,Real,udn,2022/10/7 11:19
清零慘況 自由亞洲電台：新疆伊寧1天22人餓死,Real,udn,2022/9/22 14:05
多餵飽10億人 芬蘭研究：替換家畜飼料是解方,Real,udn,2022/9/20 13:22
本土已641萬人染疫 幼兒疫苗接種率將破4成 加速增抗體,Real,udn,2022/10/1 14:21
台南全球經貿合作拓展輔導補助 110年度媒合逾30億,Real,udn,2022/9/22 16:19
馬英九日月潭泳渡確診 喉嚨不適現已康復,Real,udn,2022/9/19 17:04
河南：推動694個爛尾項目復工 已有50個竣工,Real,udn,2022/9/18 16:15
餐飲百貨業喜迎解封 轉型接招疫後新生態,Real,udn,2022/10/1 11:20
星宇航空30日登興櫃 翟健華盼2023年開始獲利,Real,udn,2022/9/28 13:22
解封讓各種感染症在冬天大爆發 醫：我錯了！現在就開始「還債了」,Real,udn,2022/9/28 15:16
美媒：中國遭遇重大金融危機 北京不作為卸責地方,Real,udn,2022/10/4 22:47
越南為5歲以下幼童注射新冠疫苗 多數家長不願意,Real,udn,2022/9/27 18:28
香港新增4318例確診 重回4000例關卡,Real,udn,2022/10/6 18:50
日本新冠疫情趨緩 單日新增病例低於4萬,Real,udn,2022/9/24 19:22
加拿大也開放國境 10月1日起解除所有入境防疫限制,Real,udn,2022/9/26 23:51
邊境將開放 陳其邁：醫療院所、長照機構防疫常規化,Real,udn,2022/9/23 11:27
中港台入境要求最嚴 學者：現在監測中重症才是重點,Real,udn,2022/9/21 12:44
繼美國後 聯大總辯論歐盟提及台海穩定,Real,udn,2022/9/24 03:20
防疫保單理賠額 逐步向下,Real,udn,2022/10/4 23:46
疫情高原期起伏 本土＋3萬3377例 連八天比上周同期高,Real,udn,2022/10/3 14:09
BA.5次世代疫苗 指揮中心曝最新審查進度,Real,udn,2022/9/29 14:39
廣枝音右衛門捨命保全台籍青年 戰火下事蹟感動台日,Real,udn,2022/9/24 20:13
Novavax第二批50.4萬劑明抵台 王必勝：9月30日配送,Real,udn,2022/9/21 14:20
多倫多國際作家節將登場 紀大偉談科幻酷兒文學,Real,udn,2022/9/22 12:16
賴清德說台北市是疫情起源 蘇貞昌幫頻緩,Real,udn,2022/10/3 11:12
巴西大選 波索納洛「疫」蹶不振、魯拉受弱勢擁戴,Real,udn,2022/10/1 16:01
長新冠導致焦慮 陽明交大、北市聯醫找到相關基因,Real,udn,2022/10/3 12:58
大數字／全球跨境旅行 重回疫前水準,Real,udn,2022/9/25 01:06
當代館推藝術計畫 看見台北城北街區亮光,Real,udn,2022/9/23 20:32
疫情值高原期 第六輪快篩實名制10/1上路 原民可免費領,Real,udn,2022/9/26 14:28
診所替一名成人打過期新冠疫苗 竹市衛生局重罰,Real,udn,2022/10/6 17:28
妙齡女竟是柬國人蛇集團小帳房 屏檢拘提到案聲押裁准,Real,udn,2022/10/2 14:38
疫後航空產業迎曙光 飛航講座年輕學子反應熱烈,Real,udn,2022/10/1 19:36
泰國內閣通過 台旅客10月起落地簽延長為30天,Real,udn,2022/9/20 18:20
中重症+154例 11歲男童染疫過2個月MIS-C一度住院,Real,udn,2022/10/2 14:27
為迎接國門開放做準備 蘇貞昌視察桃機視察放寬邊境管制措施,Real,udn,2022/9/28 13:00
歐盟：COVID-19確診與死亡率雙降 但疫情尚未結束,Real,udn,2022/9/21 12:31
中南海政變傳言多 分析：傳播者思維停留在以前,Real,udn,2022/10/4 17:01
江賢二藝術園區第1階段揭幕 預計2024年完工,Real,udn,2022/9/24 22:38
大客車缺司機 公路總局助徵才首見老外來應徵,Real,udn,2022/9/24 18:50
莫德納次世代雙價疫苗抵桃市 15社區站明後天接種,Real,udn,2022/9/24 15:07
恩恩爸貼通聯紀錄 斥國賠委員如何認為衛生局全力以赴,Real,udn,2022/9/17 20:47
10月13日起入境0+7 國境解封自主防疫缺配套,Real,udn,2022/9/30 03:11
境外生10月13日起入境免居檢 一併適用「0+7」,Real,udn,2022/10/6 14:22
桌球／教練確診 林昀儒被迫退出世界桌球團體錦標賽,Real,udn,2022/9/28 19:39
疫情仍處高原期單日恐破6.4萬例？王必勝：不排除,Real,udn,2022/10/7 14:57
專家：95%港人具防重症免疫屏障 籲社會復常,Real,udn,2022/9/19 20:09
珠海航展11/8登場 參演裝備數量再擴大,Real,udn,2022/9/27 19:26
高市口罩令偷跑遭法院打臉稱「新北也這樣」 新北衛生局回應了,Real,udn,2022/10/6 17:52
新疆暫停離疆客運列車  為中共20大防疫情外溢,Real,udn,2022/10/4 23:51
棒球／今年亞洲青棒賽取消 台灣再拚2023年U18世界盃,Real,udn,2022/9/20 15:55
COVID-19、流感雙重感染 羅一鈞：5大症狀明顯,Real,udn,2022/10/3 16:33
疫情已過高峰？王必勝：提前開國門有可能、最樂觀是10月上旬,Real,udn,2022/9/21 14:29
高端惹議事件再一樁 審計部抓逾期交貨疾管署不罰,Real,udn,2022/10/6 09:03
北市莫德納次世代疫苗預約至23日 餘2.3萬名額,Real,udn,2022/9/22 19:00
推動2030雙語政策 國發會、全民英檢合推免費AI診斷平台,Real,udn,2022/9/21 12:07
將開放邊境0+7 旅遊業者籲入境人數要增加並解除禁團令,Real,udn,2022/9/22 09:24
外國人入境染疫醫療費未來誰出？  薛瑞元：研擬保險配套,Real,udn,2022/10/1 13:00
星宇航空興櫃前28日法說會 張國煒親自說明,Real,udn,2022/9/26 11:34
比照0+7日期 機組員外站管制將鬆綁,Real,udn,2022/9/24 02:13
台灣農訪團赴美國中西部3州 強化農經科技合作,Real,udn,2022/9/25 10:56
影／流感來勢洶洶 國民黨籲政府超前部署2合1檢測試劑,Real,udn,2022/10/3 12:02
BA.5延燒本土飆破5萬例 羅一鈞帶你複習「快篩陽性怎麼辦」,Real,udn,2022/10/5 14:19
何時解口罩禁令？ 衛福部長：流感季節最好還是戴口罩,Real,udn,2022/9/27 12:08
央行示警全球經濟風險 留意聯準會激烈升息效應,Real,udn,2022/9/23 13:36
桌球／台灣男團不敵克羅埃西亞 世團賽吞2連敗,Real,udn,2022/10/2 19:14
王必勝：疫情高原期 不排除再2~3周,Real,udn,2022/10/4 01:27
本土破5萬例碰國慶連假、開國門「0+7」 專家估疫情轉折時間點,Real,udn,2022/10/7 20:40
陸首例猴痘 患者曾在德國發生男男性行為,Real,udn,2022/9/19 20:11
副作用較小 Novavax明開放青少年打,Real,udn,2022/9/29 02:58
總統府新增5人確診 近期與正副總統無接觸史,Real,udn,2022/9/23 21:56
確診嬰兒全身抽搐…父母心慌求助 警鳴笛開道「12分鐘火速就醫」,Real,udn,2022/9/24 15:19
國防工業會議成果 台美擬強化實質性共同訓練,Real,udn,2022/10/5 08:38
20多歲男打3劑家中猝死後確診 11歲童染疫肺炎呼吸性酸中毒,Real,udn,2022/9/23 14:07
莫德納次世代疫苗太夯 北市加開1.3萬個名額,Real,udn,2022/10/7 18:10
滯台而愛上台灣  義大利型男大啖辦桌菜,Real,udn,2022/9/30 14:07
新北市續簽MOU媒合交流 高中職生出國1年免休學,Real,udn,2022/9/20 20:35
香港新增4269例COVID-19確診,Real,udn,2022/9/29 17:51
香港防疫現醜聞 醫師濫發免接種疫苗證明,Real,udn,2022/9/28 13:16
高雄單日本土病例再破5千  今起在3處開設雙疫苗接種站,Real,udn,2022/10/6 06:52
單日新增病例略降 打過1劑疫苗2歲童仍MIS-C,Real,udn,2022/9/18 15:53
香港新增4369例確診  境外移入個案增加,Real,udn,2022/10/7 16:52
香港單日新增確診病例降至6000例水準,Real,udn,2022/9/19 18:02
本土新增5萬4874例 創本波疫情新高 55例境外、48死,Real,udn,2022/10/5 14:07
聯準會升息效應 美國房屋銷售量跌至兩年來新低,Real,udn,2022/9/22 04:40
「台灣有事就是日本有事」 日議員古屋圭司率團訪台,Real,udn,2022/10/6 20:26
染疫竟不通報照幫客人洗頭 指揮中心：沒人檢舉很難查,Real,udn,2022/10/2 18:26
雲林開打公費流感疫苗 這幾類學生醫護駐校施打,Real,udn,2022/10/1 11:25
WTO秘書長：多重危機相撞 全球經濟正步向衰退,Real,udn,2022/9/27 22:12
本土確診累計破600萬例 觀察疫情高峰今是關鍵,Real,udn,2022/9/21 01:05
日本採購1.2億劑AZ疫苗 僅用約20萬劑,Real,udn,2022/10/1 14:28
教師節不快樂 工會籲正視兼課、專案教師權益,Real,udn,2022/9/28 12:13
高中英聽首開放確診生應試 自主防疫考生可入一般試場,Real,udn,2022/10/7 11:09
本土+3萬8157 境外+214 死亡+51 連續5天病例數下降,Real,udn,2022/9/24 14:07
府新增2名員工確診 近期與正副總統無接觸史,Real,udn,2022/9/20 20:02
團費喊漲1~4成 陸港澳團客仍止步,Real,udn,2022/9/30 03:32
國民黨立院黨團告瀆職  陳時中：法院見真章,Real,udn,2022/9/21 11:10
央行升息半碼 調高存準率,Real,udn,2022/9/23 00:19
MLB／旅美8年來變動最大一年 張育成本季最後打席選到保送,Real,udn,2022/10/6 10:27
擔心流感爆發疫情 南投5天有2.2萬餘民眾施打流感疫苗,Real,udn,2022/10/6 15:40
台中9月男嬰確診併發猛爆性心肌炎 葉克膜救回一命卻又2度染疫,Real,udn,2022/9/23 11:40
抗癌小天使潘盈希離世 家人感謝外界一路支持,Real,udn,2022/9/20 15:21
衝疫後商機 星野集團為訪日旅客提供免費醫療保險,Real,udn,2022/9/28 10:44
莫德納次世代疫苗 明起開打,Real,udn,2022/9/23 03:00
拜登宣告 疫情大流行結束了,Real,udn,2022/9/20 00:18
中國疾控官員稱隔離不得外鎖門 網批3年才想到,Real,udn,2022/9/29 20:04
彰化防疫最後1次直播 迄今累計30萬人確診,Real,udn,2022/10/3 18:24
OECD：「為戰爭付出代價」 世界經濟將放緩,Real,udn,2022/9/26 23:14
北市公費流感疫苗10月1日開打 已設482場接種站,Real,udn,2022/9/28 22:09
歐洲政府灑錢救通膨！英德逾3兆元 法國緊跟,Real,udn,2022/9/28 17:00
拜登：美疫情結束 王必勝：我未達高點,Real,udn,2022/9/20 01:20
助攻全球產能 康舒淡水新廠正式啟用,Real,udn,2022/9/19 15:16
越南駐處慶雙十  石瑞琦：留台越生有望首破2萬,Real,udn,2022/10/7 22:12
女大生打疫苗後全身紅疹 免疫抑制劑治療改善,Real,udn,2022/9/28 12:54
疫後出國旅遊團費、保險如何準備？  業者：日韓漲約2~3成,Real,udn,2022/9/28 09:56
苗縣+928例 人口占比確診率逼近25％,Real,udn,2022/9/23 13:45
醫護禁出國 專家建議可鬆綁,Real,udn,2022/10/9 03:04
112年度基本工資補貼方案 有望不再區分業別,Real,udn,2022/9/25 10:37
挺過疫情日月潭遊客回升 旅宿業樂觀期待第4季,Real,udn,2022/9/20 16:57
指揮中心何時退場？薛瑞元：隨特別條例明年6月到期,Real,udn,2022/9/30 13:31
烏克蘭俄占區公投將結束 看普亭如何實現「併吞三部曲」,Real,udn,2022/9/27 22:10
斯洛伐克大報專訪李南陽 駁斥中國在聯合國謬論,Real,udn,2022/9/27 22:35
醫院內規疑為難醫護出國 莊人祥：核假應符規定,Real,udn,2022/9/28 22:10
口罩令擬分階段解除 0+7後捷運等密閉空間仍要戴,Real,udn,2022/9/22 09:47
"直播／單日確診破5萬！本土+54,874、境外+55 增48人病歿",Real,udn,2022/10/5 10:06
苗栗縣今新增681例 30日前接種可獲洗碗精等衛教品,Real,udn,2022/9/26 13:50
蘇貞昌：若疫情穩定可控 約半個月後國境更開放,Real,udn,2022/9/26 12:30
中國疾控：最後10%人口疫苗接種是疫情結束關鍵,Real,udn,2022/9/23 13:53
台灣有事就是日本有事 各界感念安倍堅定親台派,Real,udn,2022/9/27 11:19
中國過度防疫 多地1人染疫全面封鎖惹民怨,Real,udn,2022/9/30 13:06
專家籲邊境唾篩PCR退場 王必勝：剩上路日待決定,Real,udn,2022/9/21 14:59
批指揮中心「超慢部署」 民眾黨團籲提政策指引,Real,udn,2022/9/20 10:55
本土增3.9萬例 次世代疫苗最快本周開打,Real,udn,2022/9/19 01:54
客委會首辦客語能力高級認證 逾2千人報考,Real,udn,2022/9/30 15:42
指揮中心何時退場 薛瑞元：明年上半年有機會,Real,udn,2022/10/4 18:40
竹市莫德納次世代雙價疫苗 今開放預約、明天開打,Real,udn,2022/9/23 12:53
金西半島醫療專區選址確定 報國防部核定,Real,udn,2022/9/30 18:13
港抗疫將千日 專家：應取消機場入境核酸檢測,Real,udn,2022/10/3 17:51
苗縣+1077 流感疫苗明起第一階段接種,Real,udn,2022/9/30 15:20
印度十勝節焚燒大魔王 後疫情時代重拾宗教熱情,Real,udn,2022/10/6 14:00
流感開打首日14萬人接種 較去年增14％ 莊人祥揭原因,Real,udn,2022/10/2 15:00
國巨第3季營收創同期新高 第4季審慎應對,Real,udn,2022/10/6 17:12
疫情震盪 本土+2萬8513例 較上周增1%,Real,udn,2022/9/26 14:06
10月13日邊境解封改0+7 蘇貞昌：都準備好了,Real,udn,2022/10/4 12:27
年輕人看這裡！台中次世代疫苗預約、接種時間曝光,Real,udn,2022/10/8 11:51
莫德納次世代有望開放年輕人？莊人祥：打氣不佳有機會,Real,udn,2022/9/18 15:06
亞銀年會 財政部長：適時傳達台海若動盪將衝擊全球,Real,udn,2022/9/28 22:41
國門開放再等等！政院：最快10月13日可望實施0+7,Real,udn,2022/9/22 11:39
旅遊業：組「國家隊」打造台灣品牌,Real,udn,2022/9/18 04:25
兒科急診忙翻！不只「COVID反彈」 醫憂病毒流竄：快帶小孩打疫苗,Real,udn,2022/10/7 12:42
112年防疫預算創新高 與取消特別預算有關,Real,udn,2022/10/3 21:13
蘇貞昌施政報告 莫德納次世代雙價疫苗月底全數運抵,Real,udn,2022/9/23 08:56
重複感染定義放寬 超過14天再感染也算數,Real,udn,2022/10/3 14:19
德國會跨黨派訪團清晨抵台 將晉見總統展開交流,Real,udn,2022/10/2 08:38
中國堅持動態清零民怨四起 民眾指靜默管理是最大懶政,Real,udn,2022/9/18 11:29
指揮中心若解散 疫苗、藥物不能用？蘇益仁：兩回事,Real,udn,2022/10/2 13:45
不能鬆懈！佛奇：冬天恐出現「更危險的變異株」 可能更易傳播,Real,udn,2022/10/8 19:56
熱議題／邊境解封需明確時程,Real,udn,2022/9/18 03:47
確定了！蘇揆拍板：「0+7」新制 10月13日正式上路,Real,udn,2022/9/29 11:06
中國硬拚清零  仍20省通報新增病例,Real,udn,2022/9/21 11:40
藍籲購新冠流感二合一快篩 綠委：尊重專業決定,Real,udn,2022/10/3 15:35
垃圾可救人命  黃謙智紐約分享台灣創新成就,Real,udn,2022/9/21 11:34
「全面脫罩」時代來臨？口罩解禁網友看法兩極,Real,udn,2022/10/8 07:39
戴爾攜手北榮建大數據平台 加速智慧醫療轉型,Real,udn,2022/9/28 21:41
印尼核准首款國產COVID-19疫苗 陸製mRNA也獲准,Real,udn,2022/10/1 13:39
中國拚經濟復甦 提振消費擴大投資為首要工作,Real,udn,2022/9/26 11:58
中國傳「打科興疫苗患肺結節」熱搜破億引恐慌 官方否認出面闢謠,Real,udn,2022/9/24 16:31
打高端赴日 需自費PCR 國民黨要陳時中道歉,Real,udn,2022/9/28 02:18
研調：亞洲獨角獸企業聚焦新能源車、無人機,Real,udn,2022/9/23 12:25
「0+7」上路前一天疫情恐達高峰？莊人祥：不排除微升,Real,udn,2022/10/6 16:41
邊境逐步解封 李秉穎：免疫負債重點在觀察3歲以下,Real,udn,2022/9/29 10:08
中職／桃猿拜拜是例行公事 成晉傷勢應來得及季後賽,Real,udn,2022/10/7 18:44
「Workation」邊工作邊旅行不是夢！日本新物種「數位游牧民族」是什麼？,Real,udn,2022/9/27 15:48
禁團令將鬆綁 王國材：歡迎全世界觀光客到台灣,Real,udn,2022/9/23 10:51
尹錫悅會聯合國秘書長古特瑞斯 爭取支持應對北韓核威脅,Real,udn,2022/9/21 12:45
BA.5疫情以來次高！今+4萬9509例 本土連九天病例上升,Real,udn,2022/10/4 14:08
開放國門後 王必勝：觀光客入境仍要戴口罩以規勸為主,Real,udn,2022/9/29 14:05
台南資訊無礙城市有愛 「易讀」 保障資訊近用權,Real,udn,2022/10/3 17:28
中國新增820例病例 十一假期出北京要主動報備,Real,udn,2022/10/1 14:05
打高端想赴日本得先自費3500做PCR？ 王必勝認了：日本現在未列高端,Real,udn,2022/9/23 14:30
金管會2招助產險度財務難關 黃天牧：不會是最後措施,Real,udn,2022/9/21 13:37
泰國觀光全面解封！10月起免出示疫苗證明，落地簽再延長至30天,Real,udn,2022/9/26 17:15
傳產油國擬大幅減產 油價聞訊漲逾4%,Real,udn,2022/10/3 17:41
醫曝「免疫負債」兒童急診人滿為患 王必勝：恢復急診常態,Real,udn,2022/9/28 14:58
團客指引曝光 入境出遊需2天內快篩陰、出境要打滿追加劑,Real,udn,2022/9/29 16:00
趨勢觀察／劉明達加快數位化 友善環境,Real,udn,2022/9/27 23:16
公司經營暨永續發展協會理事長：善用資本市場應對挑戰,Real,udn,2022/9/23 09:56
高力：北市商辦租金上漲2% 明年進入新舊大樓競爭期,Real,udn,2022/10/5 11:45
邊境管制分2階段開放 預計10月13日實施0+7,Real,udn,2022/9/22 11:41
美將31家中企 列入未經核實清單,Real,udn,2022/10/8 03:26
MLB／大聯盟先修班 美職秋季聯盟4年不見台將,Real,udn,2022/9/30 12:31
下周開放0+7恐添變數？政院給出答案,Real,udn,2022/10/6 11:08
元大證券家庭日 健走植樹綠地球,Real,udn,2022/10/5 08:53
與中國競爭對太平洋島國影響力 美暫居上風,Real,udn,2022/10/7 20:17
預算膨脹？ 指揮中心再澄清明年編列少了98億,Real,udn,2022/10/4 14:29
增157例中重症 2歲男童MIS-C又染黴漿菌肺炎,Real,udn,2022/9/18 14:50
南投確診死亡339人 65歲以上長者占87%  129人不打疫苗,Real,udn,2022/10/4 14:48
疫情高原 確診隔離5+0沒共識,Real,udn,2022/10/9 03:12
長新冠焦慮難處理 陽交大：與基因有關,Real,udn,2022/10/3 17:34
確診居隔後7天篩陰可聚餐 最快下周公布,Real,udn,2022/10/1 04:12
企業嘆赴美投資如次等公民 曹世綸籲半導體共謀雙贏,Real,udn,2022/10/5 14:24
新北就博會釋逾2300個職缺 觀光餐飲業需求旺盛,Real,udn,2022/9/28 18:02
南韓解除口罩規定！26日起戶外「全面免戴口罩」,Real,udn,2022/9/23 09:13
錯打流感疫苗北榮桃園分院致歉 已聯絡上116幼兒家長,Real,udn,2022/10/7 12:11
新冠疫情究竟何時結束？,Real,udn,2022/9/26 19:24
金管會融通措施緩解財務壓力  產險業：有總比沒有好,Real,udn,2022/9/20 21:59
台灣水電師傅倫敦挑戰高空垂降 幫助慈善募款,Real,udn,2022/9/24 09:56
國慶連假首日 台中50歲以上搶打次世代疫苗,Real,udn,2022/10/8 10:41
防疫旅館面臨退場 觀光局：會至少提前2週宣布,Real,udn,2022/9/25 19:29
被控利用疫情詐領2.4億美元 美國明尼蘇達州47人挨告,Real,udn,2022/9/21 11:31
明揚 營收將站穩高崗,Real,udn,2022/9/20 22:31
針對Omicron兒童追加疫苗 輝瑞BNT申請緊急授權,Real,udn,2022/9/27 12:48
2個月內4兒童腦炎重症釀2死都沒打疫苗 兒醫提3建議,Real,udn,2022/9/28 10:50
南韓明起取消入境旅客須接受PCR篩檢的要求,Real,udn,2022/9/30 09:15
AZ單株抗體Evusheld「一人份要價10億」？ 莊人祥澄清：數字是錯的,Real,udn,2022/9/27 15:03
流行英文／不只字面上意思 BTS歌名原來有這些含意！,Real,udn,2022/9/21 15:17
油價高加防疫成本 機票短期難降價,Real,udn,2022/9/22 19:03
桃市周一、二、六開站免預約 分齡分流提供疫苗接種,Real,udn,2022/10/2 15:10
勞保「傷病給付」線上申請還沒收到？4步驟查詢看你「卡在哪」,Real,udn,2022/9/21 15:07
感染COVID-19恐釀譫妄症 英研究找出關鍵物質,Real,udn,2022/10/5 14:19
境外生7天自主防疫 無症狀、快篩陰可入班上課,Real,udn,2022/10/6 13:34
北京擴大東南亞外宣  說好中國故事還有經濟支持,Real,udn,2022/10/7 14:40
北市九合一選舉模擬投票演練 發燒可戴手套投票,Real,udn,2022/9/23 14:20
高雄防登革熱入社區 獎勵流行區返國主動採檢,Real,udn,2022/9/26 16:06
30多歲男確診未通報看診 呼吸道阻塞家中猝死,Real,udn,2022/9/28 14:12
府新增6名確診案例 與正副總統無接觸史,Real,udn,2022/9/19 20:45
師鐸獎表揚 蔡總統感謝教師防疫有功邁正常生活,Real,udn,2022/9/26 12:57
10月13日移工入境打2劑改0+7 社福移工顧老幼需住旅館、期間不工作,Real,udn,2022/10/7 14:18
直播／疫情仍未緩解！本土+43280 境外+225 病歿+50,Real,udn,2022/9/30 14:02
次世代疫苗放寬50歲以上民眾接種 台南開始預約,Real,udn,2022/9/29 16:40
新一波疫情肆虐 英醫療體系瀕臨崩潰,Real,udn,2022/10/2 16:43
花蓮生活垃圾水泥窯處理 估2023年6月試運轉,Real,udn,2022/10/5 11:51
全民權證／寶齡富錦 二檔靚,Real,udn,2022/9/27 23:50
左右手臂、一流一新 苗栗縣公費流感疫苗今天開打,Real,udn,2022/10/1 13:09
直播／又破4萬！今增45608例本土 境外242例 28例病歿,Real,udn,2022/9/27 10:14
流感疫苗10月1日開打 竹縣府籲「左流感右新冠」雙重保護,Real,udn,2022/9/29 11:13
明年6月底解散？ 薛瑞元：指揮中心 還有事要做,Real,udn,2022/10/1 04:02
「邊境0+7」何時能實施？社群討論區網友這麼看！,Real,udn,2022/9/25 07:00
影／若無重大變化 蘇貞昌：10月13日解封恢復正常生活,Real,udn,2022/9/23 09:38
20大前夕中國通報首個BF.7病例  當局防疫更嚴,Real,udn,2022/10/7 12:34
看好土耳其市場潛力 台灣工具機業者積極搶進,Real,udn,2022/9/28 21:57
口罩禁令11月解除？ 羅一鈞：未來幾周不會大改,Real,udn,2022/9/27 14:44
台灣特色雜糧「錢」景好 產業策略聯盟成立創三贏,Real,udn,2022/9/23 13:34
巴西聖保羅台灣電影展開幕 台灣影人隔空祝福,Real,udn,2022/9/29 11:03
時代立委籲找振興解方 讓郵輪產業紮根台灣,Real,udn,2022/9/19 10:26
瑞士國會代表團預計明年訪台 中國大陸跳腳抗議,Real,udn,2022/10/8 19:42
223例中重症、34死 新增4例MIS-C、其中2童沒接種疫苗,Real,udn,2022/9/25 14:35
東部2.5個月專責空床率超過8成 指揮中心：高原期過後檢討調整,Real,udn,2022/10/8 14:54
確診學生多畢業照也拍不成 彰化學童要再拚第二劑接種率,Real,udn,2022/9/21 15:39
80.3萬劑莫德納次世代疫苗今晚抵台 累計到貨160.7萬劑,Real,udn,2022/9/18 14:24
Sherpa太強大！手機一鍵查找各國入境要求一目瞭然,Real,udn,2022/9/24 08:27
美駐中大使伯恩斯：北京企圖阻止賓客 赴大使館參與獨立日慶祝活動,Real,udn,2022/9/18 13:03
以色列高物價頻戰爭 世界快樂報告排名卻在前十,Real,udn,2022/9/21 14:03
整理包／解封倒數！確診和隔離者補助一次看 忘記領就沒了,Real,udn,2022/9/25 18:21
莫德納次世代疫苗網路預約接種 北榮明上午10時起開放,Real,udn,2022/9/22 10:52
香港新增5990例COVID-19確診,Real,udn,2022/9/22 17:55
解除邊境檢疫 工商界支持：盡快公布開放時間,Real,udn,2022/9/22 03:02
長榮恢復直飛峇里島 印尼官員期待台灣旅客,Real,udn,2022/10/6 18:50
升空看老天 土耳其熱氣球魅力依舊疫後遊客回流,Real,udn,2022/10/2 08:04
陳秀熙籲有條件解除口罩禁令 鼓勵改自主政策,Real,udn,2022/10/5 11:41
商總許舒博：指揮中心2日內將宣布開放國門,Real,udn,2022/9/20 16:17
經濟衰退陰影逼近 WTO下修2023年全球貿易預測,Real,udn,2022/10/5 22:10
BA.5占比維持八成 羅一鈞：取代BA.2趨勢確定,Real,udn,2022/10/3 14:13
陳建仁讚陳時中踏實有誠信 當北市長是台灣福氣,Real,udn,2022/10/4 22:54
抹片檢查、HPV疫苗接種皆降 公費升至9價醫籲施打,Real,udn,2022/9/29 19:05
衛福部：新冠疫苗銷毀400萬劑 高端占120萬劑,Real,udn,2022/10/6 13:42
觀光業者強力爭取 出國參團三劑令取消,Real,udn,2022/9/30 22:51
防疫負面影響 香港國際展覽場數大幅下降,Real,udn,2022/9/26 10:16
指揮中心何時該裁撤？ 專家提醒先想清楚「這兩件事」,Real,udn,2022/9/22 21:43
美籲避免發生債務危機 促中國積極參與重整,Real,udn,2022/9/21 10:53
新疆防疫民怨多 黨委書記：堅決杜絕一刀切,Real,udn,2022/9/25 18:27
旅遊入出境指引出爐 入境旅客若染疫須自負治療費用,Real,udn,2022/9/30 15:47
疫情改變95後中國年輕人？ 富養一代變摳門一族,Real,udn,2022/9/26 14:46
貫徹清零太燒錢 雲南重慶下令集中隔離要收費,Real,udn,2022/9/23 17:05
美商會：跨國企業投資中國熱度已過 中小企尋新市場,Real,udn,2022/10/4 16:42
「已經沒人在戴口罩」 拜登宣告：新冠疫情大流行結束了,Real,udn,2022/9/19 09:57
國內BA.5高峰 嘉義市確診數今+554例,Real,udn,2022/10/5 16:10
分析：中國房市危機  恰似日本失落30年前奏,Real,udn,2022/10/5 12:49
「登山女神」遭爆居檢違規外出 若屬實最重罰100萬,Real,udn,2022/10/5 15:12
苗栗縣今新增1141例  機構全面快篩將持續至10月31日,Real,udn,2022/9/28 14:18
日本不承認高端疫苗 陳時中：外交部會極力爭取,Real,udn,2022/9/24 11:13
市民未戴口罩立即開罰3000元獲撤銷 高雄衛生局將上訴,Real,udn,2022/10/5 20:24
桃園+3403例 籲這三類脆弱族群應完整施打疫苗,Real,udn,2022/9/19 14:54
Mlytics、AWS、KKLab透過AI 掌握零售變現關鍵,Real,udn,2022/10/7 14:20
高端報廢1/3不稀奇 王必勝：日本買1億劑AZ「只打10萬剩下送人或不打」,Real,udn,2022/10/7 15:19
影／流感大舉入侵年？ 醫師呼籲：流感疫苗打好打滿,Real,udn,2022/10/1 15:43
台東身心障礙者鐵人賽 同儕互助親子協力顯溫馨,Real,udn,2022/9/30 18:22
港澳防疫政策不同 專家：北京因應兩地經濟模式,Real,udn,2022/9/25 21:12
莫德納次世代疫苗開打 高雄首日約1500人完成接種,Real,udn,2022/9/24 19:32
台中+7018...18歲以上次世代下周二3管齊下開打,Real,udn,2022/10/5 16:17
強化區域合作 布林肯將主持藍色太平洋夥伴活動,Real,udn,2022/9/20 09:35
台越產業合作論壇 鎖定紡織、自動化、智慧城市三領域,Real,udn,2022/9/30 17:23
日本染疫者不再全數通報 東京疫情略升溫,Real,udn,2022/9/27 18:46
中國執行清零方針 發現1例陽性患者全縣管制,Real,udn,2022/9/29 12:58
苗縣+1278確診較上周同日增近2成  社區處高原期,Real,udn,2022/10/4 14:54
KPMG安侯建業解析 疫後稅務、資安及缺工議題,Real,udn,2022/9/23 15:53
本土增4萬2212例、境外+258 周志浩：較上周降6.8% 往好的方向走,Real,udn,2022/9/22 14:06
疫情及升息影響 香港經濟狀況陷困境,Real,udn,2022/9/28 15:22
疫後泰國九皇齋節盛大回歸 盼刺激普吉觀光經濟,Real,udn,2022/10/4 18:52
口罩禁令要到何時？王必勝給出答案,Real,udn,2022/9/29 11:58
線上直播節目要延遲播出 中國研擬新規網友吐槽,Real,udn,2022/9/26 13:06
上海病毒研究院成立  首任院長管軼曾抨擊清零,Real,udn,2022/9/28 11:34
中重症+184例 3歲男童MIS-C、臉部軀幹出疹 一度住ICU,Real,udn,2022/9/24 14:19
室外拔河世錦賽 我國奪4金追平隊史紀錄,Real,udn,2022/9/19 09:43
迎國門將開、後疫情時代 企業尾牙市場漸復甦,Real,udn,2022/9/28 11:18
住宿及社區式機構住民「每周2次快篩」 措施持續到10月31日,Real,udn,2022/9/21 14:13
新北流感疫苗10月1日開打 肺炎鏈球菌疫苗擴大對象,Real,udn,2022/9/28 10:09
苗縣+1052 流感疫苗今開打 校園集中接種11日起執行,Real,udn,2022/10/1 14:36
咳嗽喉嚨癢不是Covid-19！ 小心「蕎麥過敏症」 嚴重恐休克,Real,udn,2022/10/2 13:47
美疫情期間失業給付 約1.4兆遭詐領,Real,udn,2022/9/23 13:43
助攻資本市場形成自行車產業聚落 證交所辦趨勢座談,Real,udn,2022/9/22 18:10
竹縣+1180 下周六增開COVID-19疫苗接種 今起開放預約,Real,udn,2022/10/8 18:58
坦承疫情防控「暴露短板」 拉薩市政府公開道歉,Real,udn,2022/9/17 21:43
迎接邊境解封 陳其邁建議高風險處所防疫要常規化,Real,udn,2022/9/30 14:22
泰國軍警再傳重大殺人案 心理健康問題受關注,Real,udn,2022/10/7 15:47
邊境將開放 陳其邁：高風險處所仍要做好把關,Real,udn,2022/9/30 13:38
龐培歐台南午餐大呼好吃 黃偉哲驚喜發現兩人同年,Real,udn,2022/9/28 16:38
瓜地馬拉等6國訪賓抵台 參與外交部遠朋西班牙語班,Real,udn,2022/9/25 14:21
跨國共融舞作「冰河時期」 23日屏東藝術館演出,Real,udn,2022/10/6 13:47
莫德納次世代疫苗北市預約狀況不理想？ 薛瑞元：年齡層有可能下開,Real,udn,2022/9/24 15:35
疫情回溫 前八月高速公路通行輛次增但違規也變多,Real,udn,2022/9/27 14:10
公費留考到考率76% 預計11月11日寄發成績單,Real,udn,2022/10/8 15:25
新加坡疫情穩定 濱海灣跨年煙火秀將回歸迎新年,Real,udn,2022/9/25 13:08
成本攀高擋不住 和泰車5車款漲價、幅度上看7%,Real,udn,2022/9/22 10:54
中國力推清零防疫 民眾無奈配合政策,Real,udn,2022/9/21 18:17
41死！本土+3萬9769、境外+256 連4天病例數較上周降低,Real,udn,2022/9/23 14:06
直播／今本土新增33377例、38病歿 增54境外移入,Real,udn,2022/10/3 10:14
港醫衛局長：難列0+0時間表  抗疫不穩路毀人亡,Real,udn,2022/9/25 16:53
院長同意就能出國 醫護怒嗆：誰知道會不會影響考績,Real,udn,2022/10/5 17:50
紐時：石油減產凸顯美國已難影響波灣油國,Real,udn,2022/10/6 12:55
中職／林安可確診康復二軍首戰開轟 單場2長打,Real,udn,2022/9/27 18:28
報告：中共20大後鬆綁清零政策說法過於樂觀,Real,udn,2022/9/26 16:10
【即時短評】無視確診黑數 政府寧用假數字矇眼防疫,Real,udn,2022/9/21 17:27
王國材專文登上愛爾蘭媒體 籲ICAO納入台灣,Real,udn,2022/9/26 22:56
18歲以上都能打次世代疫苗 新北明起兩天開放預約,Real,udn,2022/10/6 18:30
估10月13日改0+7 飯店業：可望帶動住房率,Real,udn,2022/9/22 17:40
TAIWAN PLUS吸20萬人次 音樂人為台東強震祈福,Real,udn,2022/9/18 19:31
疫情趨緩 香港增5594例確診,Real,udn,2022/9/20 17:58
今中重症+273例 18歲青少年未接種疫苗發病2周亡,Real,udn,2022/9/29 14:12
各國疫情沒台灣嚴重 專家曝早該解封「管制意義不大」,Real,udn,2022/9/22 21:43
香港單日新增3286例確診 疫情保持平穩,Real,udn,2022/10/4 17:51
最快10月開放自由行！日相岸田文雄鬆口：即將放寬入境限制,Real,udn,2022/9/22 11:25
新北疫苗接種！今開放第6期預約 登記方式、時間一次看,Real,udn,2022/9/28 09:21
北市第31期疫苗明開放預約 提供NOVAVAX疫苗7800名額,Real,udn,2022/9/26 17:31
全球金融科技領域投資意願下滑 亞太投資金額創新高,Real,udn,2022/9/21 14:16
蘇揆盼產業各界齊努力 讓台灣持續人才輩出、產業創新,Real,udn,2022/10/3 17:58
下周全面國境解封 蘇貞昌：入境團體旅遊指引需滾動檢討,Real,udn,2022/10/3 11:08
確診同住者 擬改全面0+7 不與入境0+7同時,Real,udn,2022/9/28 02:14
客家後援會成立 陳時中提打造特色捷運站構想,Real,udn,2022/10/7 18:24
新聞眼／邊境解封政府慢半拍 人民自求多福,Real,udn,2022/9/18 03:49
影／本土增2萬8210例 周志浩：較上周增加10%左右,Real,udn,2022/9/19 14:09
苗栗縣新增1073例 下周一再開放第 3、4 劑施打對象,Real,udn,2022/9/29 13:46
聯合國大會聚焦糧食危機 終結俄烏戰爭進展恐有限,Real,udn,2022/9/18 16:52
遊樂市場復甦 智崴接獲6套大型體感設備訂單,Real,udn,2022/10/5 19:52
高端買500萬劑 要銷毀三分之一,Real,udn,2022/10/6 11:56
香港疫情趨緩 單日新增4034例確診,Real,udn,2022/9/26 17:57
中職／睽違3年！ 獅隊林子崴22日重回一軍先發,Real,udn,2022/9/20 18:26
內規疑為難醫護出國  台北馬偕：未有不同意情事,Real,udn,2022/9/29 12:42
10月13日0+7邊境解封 入境可住一般旅館,Real,udn,2022/9/24 02:03
外資：iPhone 14約5%產能年底移至印度 鴻海受惠,Real,udn,2022/9/22 11:09
新冠疫情再創新高 男嬰出生1天即確診成最小重症個案,Real,udn,2022/10/5 14:07
預防流感高峰 南投醫院10月1日接種施打公費流感疫苗,Real,udn,2022/9/30 12:44
中國因清零反復封控 當局傳聲筒胡錫進也凍未條,Real,udn,2022/9/26 14:30
次世代疫苗 10月11日起逾18歲皆可打,Real,udn,2022/10/6 04:14
指揮中心到底何時退場？蘇揆：責任還沒結束,Real,udn,2022/9/30 09:38
診所新冠患者黑數至少一半 醫：政府何須每天公布假數字,Real,udn,2022/9/21 14:22
迎邊境開放 美旅遊推展協會：台將重回20大客源地,Real,udn,2022/9/25 19:45
中國阻撓台灣參與聯合國 葛來儀提反制辦法,Real,udn,2022/9/27 11:18
彰化大城長照衛福大樓明年3月完工 縣府「從老顧到小」,Real,udn,2022/9/19 13:13
嚴守醫院1／確診非急症等刀等到哭 一條龍規定動刀好難,Real,udn,2022/10/8 21:32
唐獎生技醫藥獎得主勉勵學子 失敗能學到更多,Real,udn,2022/9/28 21:48
「快篩陽」可到公園跑步？專家舉外國「與病毒共存」範例,Real,udn,2022/9/23 21:41
經濟趨緩壓力湧現 節儉成中國年輕人的「流行」,Real,udn,2022/9/19 16:36
富強鑫明年看好電動車和醫療應用 布局印度有成,Real,udn,2022/9/19 10:22
寧夏西藏疫情拚清零 昆明逾7萬人賦黃碼,Real,udn,2022/9/28 11:01
還是別確診最好 美研究顯示新冠染疫者腦損風險上升,Real,udn,2022/9/23 12:07
直播／低於三萬！今本土新增28210例、病歿31人 境外移入239例,Real,udn,2022/9/19 10:08
影／花東地震路坍橋斷 蘇貞昌：新建工程要求提升防震,Real,udn,2022/9/21 08:58
衛福部：10月13日起改採「0+7」 快篩2日內陰性可外出,Real,udn,2022/9/29 11:01
王國材投書韓媒 籲支持台灣參與ICAO,Real,udn,2022/9/23 17:21
影／3歲男童確診隔日歿 4歲女童確診隔101天現MIS-C,Real,udn,2022/9/21 14:09
台灣邊境鬆綁恢復免簽 新加坡旅遊業者：盼很久了,Real,udn,2022/9/22 21:59
估10月13日改0+7  業者先推自由行優惠,Real,udn,2022/9/22 17:05
聯邦快遞發布電商未來大調查 揭示中小企業電商成長趨勢,Real,udn,2022/10/3 17:59
港媒：國際郵輪擬放棄在港經營公海遊,Real,udn,2022/9/19 17:44
德國9月通膨10%創新高 明年經濟衰退,Real,udn,2022/9/30 13:46
採購價格何時可公開？薛瑞元曝個別疫苗保密期限,Real,udn,2022/10/6 10:00
次世代疫苗今再到貨,Real,udn,2022/9/18 03:02
桃園118幼童錯打流感疫苗 賴香伶再轟鄭文燦,Real,udn,2022/10/8 11:32
本土新增4萬6423例、境外61例 莊人祥：增幅3.9%,Real,udn,2022/10/6 14:09
疫苗報銷惹議 王必勝：各國都一樣,Real,udn,2022/9/27 02:19
開國門迎解封財 台灣準備好了嗎,Real,udn,2022/10/1 11:19
中台灣農業盛會今開展 五縣市農特產一次滿足,Real,udn,2022/9/24 13:36
專家：邊境檢疫3+4 已無防疫價值 盡速調降新冠等級,Real,udn,2022/9/22 02:59
苗縣+904  莫德納次世代雙價疫苗今起開放施打,Real,udn,2022/9/24 14:40
國境解封 新航逐步增加往來台北航班,Real,udn,2022/9/30 15:07
不信家人已染疫亡⋯天天消毒伴屍18個月  已成「乾黑木乃伊」悚狀曝光,Real,udn,2022/9/27 16:17
元大證券家庭日健走植樹綠地球活動 實踐ESG理念,Real,udn,2022/10/5 14:38
中重症+228 40多歲男咳4天快篩陰「突意識不清」10天後腦炎亡,Real,udn,2022/10/7 14:10
0+7新規霧煞煞 民眾無所適從,Real,udn,2022/9/30 03:19
30多歲肝腫瘤男拒治療確診2日歿 青少年中重症增1例,Real,udn,2022/9/22 14:08
挺台灣入聯合國 紐約僑界3年來首度遊行發聲,Real,udn,2022/9/18 12:08
紐約駐處國慶酒會疫後盛大舉行 500人參與,Real,udn,2022/10/7 10:37
諾魯感謝台灣協助抗疫 聯大總辯論11友邦發聲,Real,udn,2022/9/27 13:40
新北義民爺文化祭10月1日展開 客、英語雙聲讀祝文,Real,udn,2022/9/30 17:35
境外生入境0+7配套 教育部：仍須與學校溝通細節,Real,udn,2022/10/4 23:24
竹市免費發送5劑快篩 擴大服務55至64歲原住民長者,Real,udn,2022/9/26 11:03
東螺溪整治有起色 溪畔企業揪團炒熱戀戀欒樹節,Real,udn,2022/9/22 18:22
影／邊境開放「0+7」社區疫情恐擴大？ 王必勝：影響非常小,Real,udn,2022/9/29 15:02
邊境解封指揮中心何時退場？ 專家：它只剩下這功能,Real,udn,2022/9/22 21:37
台中精機盼新台幣貶至32元 工具機能見度看到年底,Real,udn,2022/9/19 08:39
諾貝爾文學獎 日媒關注村上春樹與多和田葉子,Real,udn,2022/10/6 10:39
馬克宏傳規劃20大後訪中 專家：釋放錯誤訊息,Real,udn,2022/9/28 09:03
產險業增資 衝破800億,Real,udn,2022/9/30 02:00
陳其邁談經貿合作助台灣 龐培歐：樂見美商投資高雄,Real,udn,2022/9/28 12:35
疫情值高原期 長照機構陽性率上升,Real,udn,2022/9/27 14:16
疫情不可鬆懈！世衛籲富國助貧國防疫 「否則雙手沾滿鮮血」,Real,udn,2022/9/24 19:07
影／呼籲開放國門 許舒博盼恢復正常經濟,Real,udn,2022/9/20 16:22
次世代疫苗來了！中市設快打站 長者9月26日起開打,Real,udn,2022/9/20 10:14
直播／又破5萬！本土確診新增50710例、境外69例 病歿52例,Real,udn,2022/10/7 14:03
中國十一黃金週 逾千中高風險區民眾禁外出,Real,udn,2022/10/2 11:26
公費流感疫苗開打 南市衛生局：和新冠肺炎疫苗施打不衝突,Real,udn,2022/10/1 10:22
上海十一長假再現零星疫情 徐匯區宣布5天4檢,Real,udn,2022/10/5 19:13
行善正能量 彰化樂林食物銀行今獲獅子會贈車輛、烤箱,Real,udn,2022/10/7 15:25
自費PCR價格3500元會下調嗎？ 薛瑞元揭「機會不大」原因,Real,udn,2022/9/24 15:55
影／邊境解封1階段 9月29日起「3+4」1人1室、取消唾篩改發4劑快篩,Real,udn,2022/9/22 14:08
北市次世代莫德納疫苗24日開打 明起預約4萬名額開搶,Real,udn,2022/9/19 16:18
入境新制上路順暢 返台旅客讚：有考量民眾感受,Real,udn,2022/9/29 10:08
府新增6名確診案例 與正副總統無接觸史,Real,udn,2022/9/26 20:23
新矽盾崛起 盛保熙：台灣有條件成為亞洲CDMO中心,Real,udn,2022/9/18 11:04
劉婷瑟個展將登中正紀念堂 帶雲嘉南人文風光北上,Real,udn,2022/10/4 21:44
本土死亡突破萬人大關！7月大女嬰確診4日歿,Real,udn,2022/9/26 14:11
出席伊麗莎白二世葬禮後 82歲丹麥女王確診COVID-19,Real,udn,2022/9/21 21:47
長照陽性率升 抗病毒藥物增購40萬人份本周到貨,Real,udn,2022/10/4 14:12
1-8月我國對東協出口增22.7% 進口增23.4%,Real,udn,2022/9/30 09:59
確診者「7+7」後7將調整「快篩陰可聚餐」 羅一鈞：下周公布,Real,udn,2022/9/30 14:24
哈日族快安排行程！日相岸田文雄宣布：10月11日開放自由行,Real,udn,2022/9/22 22:34
0+7新制將上路 故宮串聯觀光產業吸外國客,Real,udn,2022/10/3 11:47
降低對中依賴 蘋果證實在印度生產iPhone 14,Real,udn,2022/9/26 15:25
過度防疫學生反鐵桶管理 「遼寧別開學」呼聲漲,Real,udn,2022/9/22 12:36
50歲以上可打第四劑了 指揮中心：莫德納次世代10月3日第二階段開打,Real,udn,2022/9/28 14:26
嚴守醫院3／調整確診隔離天數 助確診者更快入院治療,Real,udn,2022/10/8 21:32
日本8月近17萬外國人入境 觀光客僅1萬人,Real,udn,2022/9/21 18:04
專家看中共20大：習近平連任權勢將縮水,Real,udn,2022/9/21 10:55
泰國外長：烏克蘭危機11月可能有突破性進展,Real,udn,2022/9/25 17:58
孕婦為寶寶挨了近300針 高醫一圓孕媽咪求子夢,Real,udn,2022/9/19 12:47
發燒、咳嗽3天！基隆6歲女童同時確診A型流感及新冠肺炎,Real,udn,2022/9/30 10:12
聯準會升息抑制通膨 美金融業者：非這麼做不可,Real,udn,2022/9/22 11:07
入、出境團體旅遊操作指引出爐 旅行社出接團有依據了,Real,udn,2022/9/30 15:38
沒高端！日本開放自由行「新增5款認可疫苗」 包括科興、國藥,Real,udn,2022/10/5 13:50
安盛生推出新冠肺炎抗原家用快篩 挹注全年營收,Real,udn,2022/9/30 17:23
邊境鬆綁 政院規畫10月13日「0+7」上路,Real,udn,2022/9/22 12:42
賴副總統挺李俊俋 籲給蔡總統更大民意支持,Real,udn,2022/9/23 14:13
莫德納次世代開打 彰化衛生局：直接向合約院所預約,Real,udn,2022/9/20 14:35
國際民航大會將登場 加拿大支持台灣參與,Real,udn,2022/9/26 16:22
疫情衝擊求職難 中國考研究所人數估破500萬,Real,udn,2022/9/25 14:07
「0+7」十月中旬上路 王必勝：防疫旅館全退場,Real,udn,2022/9/28 15:05
小馬可仕首次聯大發言提海洋法公約 未談南海裁決,Real,udn,2022/9/21 06:32
拉薩封城逾月 居民罕見網路發聲求援,Real,udn,2022/9/20 21:47
邊境管制何時放寬？ 蘇貞昌：已請各部會先做好配套措施,Real,udn,2022/9/19 12:48
洩露解封規劃 成都多位官員遭立案調查,Real,udn,2022/9/18 17:43
解封行情失靈 航空雙雄股價續挫,Real,udn,2022/9/23 12:39
次世代疫苗 北市首日逾2千人接種,Real,udn,2022/9/25 02:17
疫苗打不完銷毀好浪費？ 專家分析防疫物資決策點在這,Real,udn,2022/9/26 19:03
疫情不降反升？ 本土+4萬5608例,Real,udn,2022/9/27 14:11
中國汽車達3.15億輛 汽車市場回暖,Real,udn,2022/10/8 16:07
年會在即 IMF總裁籲全球齊力避免現況變新常態,Real,udn,2022/10/7 04:26
入境唾篩PCR下周改4劑快篩 外國旅客自由行也將開放,Real,udn,2022/9/22 09:07
蘇揆第4劑打高端 專家：保護力不確定,Real,udn,2022/9/22 03:09
影／莫德納次世代疫苗首日施打 三類族群優先,Real,udn,2022/9/24 11:29
全民運績優獎座 交趾陶結合檜木充滿嘉義意象,Real,udn,2022/10/7 16:39
邱淑媞：中央防疫沒守好,Real,udn,2022/10/3 03:21
出席聯合國大會返國才兩天 西班牙總理快篩陽性,Real,udn,2022/9/25 20:52
非傳染病占全球死因74％ 管控風險可救數百萬人命,Real,udn,2022/9/21 21:53
巴西總統波索納洛聯合國發言 批評總統大選主要競選對手魯拉,Real,udn,2022/9/21 10:02
北市教育局加發31萬劑快篩 10月中將提升各校安全存量,Real,udn,2022/10/7 17:42
邊境要開放了？蘇揆指示指揮中心預做規畫及配套,Real,udn,2022/9/19 12:28
邊境將解封機組員仍遭「拘禁」氣炸 王必勝：下周一與民航局討論,Real,udn,2022/9/22 14:43
王岐山出席英女王國葬堅持戴口罩 引網友熱議,Real,udn,2022/9/20 23:29
強制轉運萬人後 貴陽宣布疫情受控,Real,udn,2022/9/20 12:15
獨／中醫師全聯會力爭 孕婦、幼童亦能公費清冠一號,Real,udn,2022/10/5 18:59
觀察站／解封時代 指揮中心角色為何,Real,udn,2022/10/1 04:02
泰國今起COVID-19降級 入境免打疫苗、免隔離,Real,udn,2022/10/1 12:42
北市商辦調查：租金估年漲逾2% 年底空置率不到3%,Real,udn,2022/10/5 12:26
蘇貞昌：疫情來到最後階段 像隧道已看到前面光線,Real,udn,2022/9/30 13:29
"租車自駕旅遊夯！營業小客車年增逾7,000輛",Real,udn,2022/9/26 16:52
中國經濟成長剩內需撐腰 大摩分析：明年春季開放,Real,udn,2022/9/27 15:31
日本宣布10月11日全面開放 未接種3劑疫苗仍須陰性證明,Real,udn,2022/9/26 15:48
內蒙古書記談疫情：殺雞用牛刀  不得擴散至北京,Real,udn,2022/10/2 19:47
普亭70歲金正恩祝壽 分析：同遭孤立相互取暖,Real,udn,2022/10/7 21:32
入境確診醫療費誰埋單 指揮中心、觀光局爆分歧,Real,udn,2022/10/1 03:59
網路投保商機大 LINE Bank最快11月推汽機車強制險,Real,udn,2022/10/4 17:07
薛瑞元：指揮中心還有事要做 沒那麼快解散,Real,udn,2022/9/30 10:13
台日青創經驗交流會 林佳龍：帶領新北國際接軌,Real,udn,2022/9/29 15:34
世足／卡達：觀眾可不打疫苗 須持採檢陰性證明,Real,udn,2022/9/30 00:58
藝總超界 台南藝術節10月7日登場,Real,udn,2022/9/30 17:02
外籍入境確診 衛福部：醫療費初期由政府負擔,Real,udn,2022/10/4 20:56
今本土病例數3.9萬「下降幅度小」 王必勝：要觀察會不會反覆,Real,udn,2022/9/23 11:42
邊境即將開放 台旅客最想造訪日本、美國和德國,Real,udn,2022/9/21 13:00
日本擴大對孩童注射疫苗 6個月以上可接種,Real,udn,2022/10/7 20:40
談防疫 蔡英文：應該互相鼓勵而不是在選舉做政治操作,Real,udn,2022/10/5 18:34
烏東分離地區投票入俄 馬克宏：假公投不會承認,Real,udn,2022/9/21 06:09
9年併全球6家藥廠 保瑞以收購代工連結國際大藥廠,Real,udn,2022/9/18 11:11
銘傳大學連38年參與國慶禮賓 口罩遮不住親切微笑,Real,udn,2022/9/29 11:50
高雄承億酒店插旗亞灣區營運 陳其邁讚有眼光,Real,udn,2022/9/22 20:47
經部：關鍵物資儲備是既有機制  也與業者建聯繫平台,Real,udn,2022/10/7 14:03
駐美軍團大樓整建完工 盼台美軍事關係更緊密,Real,udn,2022/9/27 11:18
影／邊境「0+7」預計10月13日上路 指揮中心公布防疫指引,Real,udn,2022/9/22 14:26
香港因防疫支出增收入減 財政赤字達歷史性高點,Real,udn,2022/9/19 12:52
俄侵烏失利 季辛吉：習近平將調整與美關係,Real,udn,2022/10/6 14:18
次世代疫苗北部預約全滿 莊人祥：下周三再配發,Real,udn,2022/10/6 14:29
陸論壇主題出現「核酸盛世」引爭議 陸媒批：低級紅、高級黑,Real,udn,2022/9/18 13:42
喊話次世代到18歲、這類人確診隔離3天、口罩令鬆綁等 陳秀熙籲4大放寬防疫措施,Real,udn,2022/10/5 12:42
趨勢觀察／產業AI化 改善體質契機,Real,udn,2022/10/3 04:35
駐阿根廷國慶酒會 政商文教僑界逾250人出席相挺,Real,udn,2022/10/6 21:49
EUA擬和指揮中心脫鉤 王必勝：將訂期限,Real,udn,2022/10/3 15:10
澳洲盼與中國建立穩定關係 籲協助終止俄烏戰爭,Real,udn,2022/9/23 17:49
影／「0+7」期間陽性出門如何罰？ 指揮中心給答案,Real,udn,2022/9/22 15:08
學校疫苗覆蓋末段班將訪視 柯文哲：希望早點解封脫口罩,Real,udn,2022/9/20 13:13
多倫多僑界發共同聲明 籲國際支持台灣入聯合國,Real,udn,2022/9/20 11:03
陳慶瀚陳嘉甄兄妹同獲桂冠 浯島文學獎傳佳話,Real,udn,2022/9/22 19:01
防疫旅館退場 業者還在觀望,Real,udn,2022/9/23 03:03
高端疫苗已報銷逾5億元 蘇貞昌：疫苗寧可多不能少,Real,udn,2022/10/7 09:52
疫情仍在高原期 BA.5病例達8成,Real,udn,2022/9/27 02:13
最晚10月中旬改「0+7」 觀光局：禁團令同步解除,Real,udn,2022/9/22 11:36
全球金融科技投資意願降 3案挹注亞太區金額逆勢創高,Real,udn,2022/9/21 21:52
烏干達通報 2019年以來首起伊波拉死亡病例,Real,udn,2022/9/20 18:01
指揮中心若解散...「疫苗藥物將銷毀」 王必勝曝2方式脫鉤,Real,udn,2022/10/1 13:59
指揮中心存廢 專家戰王必勝,Real,udn,2022/10/3 03:23
高中英聽9.8萬人報考 考試時間改為50分鐘,Real,udn,2022/10/4 20:02
成員時間喬不攏 清冠公費再討論會議延至10/7,Real,udn,2022/9/28 18:57
疫情牽動通膨…士林夜市攤商嚴重流失 瑞芳大叔苦撐「叫青年返鄉是害他」,Real,udn,2022/10/6 00:58
莫德納次世代疫苗 新北開放預約、24日起接種,Real,udn,2022/9/21 13:55
疫情下用眼頻率增  國健署祭3010120口訣護眼,Real,udn,2022/9/29 14:43
20大前北京清查感染軌跡 天津闢謠無封城,Real,udn,2022/9/29 13:01
維持東北亞穩定 駐韓美軍司令：正在準備應急計畫因應中國犯台,Real,udn,2022/9/21 19:53
桃園長者次世代疫苗接種踴躍 脆弱族群也要盡速接種,Real,udn,2022/9/26 17:23
本土新增破5.4萬例可能再往上 陳秀熙：監測這數字比通報個案數重要,Real,udn,2022/10/6 04:15
本土+4萬3241例、66例境外、62死 莊人祥：較上周日增11.5%,Real,udn,2022/10/2 14:09
蔣萬安喊大巨蛋1年內完工 陳時中：很難相信,Real,udn,2022/9/28 14:08
罕病基金會調查：4成1病團無藥可用、9成怕健保不給付,Real,udn,2022/10/5 19:02
國境下月可望解封 黃偉哲：台南準備好歡迎國外遊客,Real,udn,2022/9/23 10:48
邊境鬆綁！9/29起入境取消唾液篩檢 約10/13實施「0+7」,Real,udn,2022/9/22 11:28
善用人形立牌與網路 鄭運鵬競選不因確診停歇,Real,udn,2022/9/26 16:30
女王逝世國葬 英國王室重要事件回顧,Real,udn,2022/9/18 09:00
高端恐三分之一都銷毀「不再買了」 一表看4品牌新冠疫苗銷毀多少劑,Real,udn,2022/10/7 04:02
陳建仁：台灣打下防疫基礎 可邊境解封恢復正常,Real,udn,2022/10/3 14:21
鄭運鵬確診推分身 張宏陸、李坤城代替掃街拜票,Real,udn,2022/9/25 13:19
防疫經費編列  蘇貞昌：錢都花刀口上 勿扭曲,Real,udn,2022/10/3 11:12
"本土+43,040 境外+45 死亡+48 共10縣市破千例",Real,udn,2022/10/1 14:07
「國民女婿」羅一鈞的爸媽已打次世代 闢謠「打4劑關閉免疫系統」,Real,udn,2022/10/5 14:33
調查局擬派員赴美 參與國際執法高層實體交流,Real,udn,2022/10/3 22:26
嘉市今+615！隔3個月再破600例 衛生局解釋原因,Real,udn,2022/10/4 19:16
紐約皇后區歡慶雙十 僑胞不畏低溫展現熱情,Real,udn,2022/10/9 09:35
移工0+7鬆綁 自主防疫期可工作,Real,udn,2022/10/8 02:58
日本開放自由行 岸田拚外國客觀光消費逾1.1兆元,Real,udn,2022/9/29 12:40
直播／今本土新增28513例、56死 境外移入增272例,Real,udn,2022/9/26 10:11
莫德納次世代疫苗到位 嘉義縣明起開放預約周末開打,Real,udn,2022/9/21 16:08
10月13日前返台者不能「0+7」？王必勝：就是「3+4」,Real,udn,2022/9/23 15:34
高雄市+3717例 次世代疫苗預約踴躍、加場接種,Real,udn,2022/9/20 19:24
竹縣+1197例！9衛生所連4天加開夜間接種 免預約隨到隨打,Real,udn,2022/9/20 15:46
日本政府擬解口罩令 民眾懼疫情仍緊戴,Real,udn,2022/10/8 15:36
為年底新一波疫情預做準備 日本開打次世代疫苗,Real,udn,2022/9/20 15:00
指揮中心何時解散？ 王必勝：新冠肺炎常態化、流感化後再說,Real,udn,2022/9/22 15:58
沒確診過「天選之人」身體較差？ 羅一鈞提3機轉破除說法,Real,udn,2022/10/7 16:00
校園防疫措施調整 教育部：10月13日起後4天篩陰可入校,Real,udn,2022/10/6 14:19
接種高端要去日本能否再補打疫苗 莊人祥：會比較快嗎？,Real,udn,2022/9/24 15:33
冷眼集／說詞反覆 防疫指揮官怎讓人信任？,Real,udn,2022/9/23 03:04
本土+3萬8785例及195例境外 較上周日下降1.4%,Real,udn,2022/9/25 14:10
我國以創始會員身分加入「亞洲資訊通路聯盟」,Real,udn,2022/9/29 10:07
習近平展開第3任期之際 中國人口危機步步逼近,Real,udn,2022/10/3 19:49
莫德納次世代疫苗開打 屏東清晨六點20多人排,Real,udn,2022/9/24 11:19
疫情後復常 港官員：致力盡快恢復社會經濟活動,Real,udn,2022/10/5 14:47
邁向與病毒共存…確診非急症開刀 憂延宕,Real,udn,2022/10/9 03:03
20大前夕極端防疫 山西多地無病例也封城,Real,udn,2022/10/9 11:54
業者：當前香港經濟危機大於病毒危機,Real,udn,2022/9/23 13:12
賀！2022世界50大酒吧揭曉 台灣Indulge名列第82位,Real,udn,2022/10/5 12:06
旅行社禁團令10月13日解除 中港澳仍禁止,Real,udn,2022/9/29 16:07
台灣波蘭高教論壇 教育部率團赴華沙交流,Real,udn,2022/9/19 12:03
蘇揆宣布10月13日全面開放國門 一圖看懂0+7規定,Real,udn,2022/9/29 12:05
南韓下周完全解除戶外口罩令 生活有望明春回歸常態,Real,udn,2022/9/23 13:06
新冠口服藥臨床試驗報喜,Real,udn,2022/9/29 00:04
睽違兩年 聯合國大會在世界分裂下恢復舉行,Real,udn,2022/9/20 22:07
專家：別恐嚇 疫苗藥物快回歸採購法監督,Real,udn,2022/10/2 03:21
柯文哲嗆聲陳時中 蘇貞昌：勿因選舉扭曲他人,Real,udn,2022/10/5 17:14
蔡總統謝龐培歐重視台灣 邀台商讓世界看見台灣力量,Real,udn,2022/9/28 11:05
專家：疫情未反彈 香港兩週後可免居家隔離,Real,udn,2022/9/26 11:56
防疫保單理賠如無底深淵！金管會祭2大招救產險業,Real,udn,2022/10/4 11:50
莫德納次世代疫苗陸續到貨 最快19日開放預約,Real,udn,2022/9/18 16:22
重複感染免疫變差？羅一鈞：Omicron對人體影響變低,Real,udn,2022/9/22 17:30
學者：監測重點在中重症及醫療量能,Real,udn,2022/9/22 03:03
全台同步降溫 本土增4萬6673例、境外229例 周志浩：較上周降6%,Real,udn,2022/9/21 14:07
台中確診+5789…流感疫苗10月1日開打 接種地點費用曝光,Real,udn,2022/9/30 16:55
看新聞才知誤打疫苗！寶寶「精神不佳」 桃園家長怒：關懷電話沒道歉,Real,udn,2022/10/8 10:27
收到簡訊需3天內預約次世代疫苗？ 指揮中心：不實訊息,Real,udn,2022/10/2 15:52
香港確診數續降  單日新增3911例,Real,udn,2022/9/28 17:49
台大醫院26日開打次世代疫苗 即起開放網路掛號,Real,udn,2022/9/21 17:27
駐貝里斯大使館慶雙十 貝國總督親自出席祝賀,Real,udn,2022/10/9 08:42
他染疫「視訊看診」卻不來拿藥 醫見棄單理由傻眼,Real,udn,2022/9/28 14:51
疫苗價格保密時間依品牌各異 薛瑞元：全世界都是這樣,Real,udn,2022/10/6 11:26
台中+5879例…幼兒第2劑12.4% 10月8日起連2天加開幼兒快打站,Real,udn,2022/9/29 15:47
日本開放自由行 認可疫苗增5款仍沒高端 王必勝：正在交涉,Real,udn,2022/10/5 14:44
賴清德盼德國對中政策檢討納台灣 穩定台海安全,Real,udn,2022/10/3 16:34
嘉縣竹崎某村長宴請鄰長疑涉賄選 檢方聲押,Real,udn,2022/9/24 03:51
新北50多歲女打AZ疫苗後亡 獲最高額救濟金600萬元,Real,udn,2022/9/21 21:43
疫情處高原期！本土+4萬4665例 上下波動　,Real,udn,2022/9/29 14:08
每10萬人新增染疫數台灣世界第一 網熱議：口罩禁令該解除？,Real,udn,2022/10/9 11:18
20大前股市也得穩 中國要求避免大量拋售股票,Real,udn,2022/9/27 16:24
快打站發放盧秀燕扇子惹議 中市府稱防疫宣導品,Real,udn,2022/9/26 16:10
"疫情仍高！今增46,423本土確診 61境外、57病歿",Real,udn,2022/10/6 14:02
邊境解封配套霧煞煞 專家轟中央毫無準備「假防疫之名拚選舉」,Real,udn,2022/9/29 21:43
